hbar,-5.0,-4.9,-4.800000000000001,-4.700000000000001,-4.600000000000001,-4.500000000000002,-4.400000000000002,-4.3000000000000025,-4.200000000000003,-4.100000000000003,-4.0000000000000036,-3.900000000000004,-3.8000000000000043,-3.7000000000000046,-3.600000000000005,-3.5000000000000053,-3.4000000000000057,-3.300000000000006,-3.2000000000000064,-3.1000000000000068,-3.000000000000007,-2.9000000000000075,-2.800000000000008,-2.700000000000008,-2.6000000000000085,-2.500000000000009,-2.4000000000000092,-2.3000000000000096,-2.20000000000001,-2.1000000000000103,-2.0000000000000107,-1.900000000000011,-1.8000000000000114,-1.7000000000000117,-1.600000000000012,-1.5000000000000124,-1.4000000000000128,-1.3000000000000131,-1.2000000000000135,-1.1000000000000139,-1.0000000000000142,-0.9000000000000146,-0.8000000000000149,-0.7000000000000153,-0.6000000000000156,-0.500000000000016,-0.40000000000001634,-0.3000000000000167,-0.20000000000001705,-0.10000000000001741,-1.7763568394002505e-14,0.09999999999998188,0.19999999999998153,0.29999999999998117,0.3999999999999808,0.49999999999998046,0.5999999999999801,0.6999999999999797,0.7999999999999794,0.899999999999979,0.9999999999999787,1.0999999999999783,1.199999999999978,1.2999999999999776,1.3999999999999773,1.499999999999977,1.5999999999999766,1.6999999999999762,1.7999999999999758,1.8999999999999755,1.9999999999999751,2.0999999999999748,2.1999999999999744,2.299999999999974,2.3999999999999737,2.4999999999999734,2.599999999999973,2.6999999999999726,2.7999999999999723,2.899999999999972,2.9999999999999716,3.0999999999999712,3.199999999999971,3.2999999999999705,3.39999999999997,3.49999999999997,3.5999999999999694,3.699999999999969,3.7999999999999687,3.8999999999999684,3.999999999999968,4.099999999999968,4.199999999999967,4.299999999999967,4.399999999999967,4.499999999999966,4.599999999999966,4.6999999999999655,4.799999999999965,4.899999999999965
hbar,-4.9,-4.800000000000001,-4.700000000000001,-4.600000000000001,-4.500000000000002,-4.400000000000002,-4.3000000000000025,-4.200000000000003,-4.100000000000003,-4.0000000000000036,-3.900000000000004,-3.8000000000000043,-3.7000000000000046,-3.600000000000005,-3.5000000000000053,-3.4000000000000057,-3.300000000000006,-3.2000000000000064,-3.1000000000000068,-3.000000000000007,-2.9000000000000075,-2.800000000000008,-2.700000000000008,-2.6000000000000085,-2.500000000000009,-2.4000000000000092,-2.3000000000000096,-2.20000000000001,-2.1000000000000103,-2.0000000000000107,-1.900000000000011,-1.8000000000000114,-1.7000000000000117,-1.600000000000012,-1.5000000000000124,-1.4000000000000128,-1.3000000000000131,-1.2000000000000135,-1.1000000000000139,-1.0000000000000142,-0.9000000000000146,-0.8000000000000149,-0.7000000000000153,-0.6000000000000156,-0.500000000000016,-0.40000000000001634,-0.3000000000000167,-0.20000000000001705,-0.10000000000001741,-1.7763568394002505e-14,0.09999999999998188,0.19999999999998153,0.29999999999998117,0.3999999999999808,0.49999999999998046,0.5999999999999801,0.6999999999999797,0.7999999999999794,0.899999999999979,0.9999999999999787,1.0999999999999783,1.199999999999978,1.2999999999999776,1.3999999999999773,1.499999999999977,1.5999999999999766,1.6999999999999762,1.7999999999999758,1.8999999999999755,1.9999999999999751,2.0999999999999748,2.1999999999999744,2.299999999999974,2.3999999999999737,2.4999999999999734,2.599999999999973,2.6999999999999726,2.7999999999999723,2.899999999999972,2.9999999999999716,3.0999999999999712,3.199999999999971,3.2999999999999705,3.39999999999997,3.49999999999997,3.5999999999999694,3.699999999999969,3.7999999999999687,3.8999999999999684,3.999999999999968,4.099999999999968,4.199999999999967,4.299999999999967,4.399999999999967,4.499999999999966,4.599999999999966,4.6999999999999655,4.799999999999965,4.899999999999965,4.9999999999999645
0.01,0,0,0,0,0,0,0,0,0,0,0,0,0,0,0,0,0,0,0,0,0,0,0,0,0,0,0,0,0,0,0,0,0,0,0,0,0,0,0,0,0,0,0,0,0,0,0,9,88,319,404,156,24,0,0,0,0,0,0,0,0,0,0,0,0,0,0,0,0,0,0,0,0,0,0,0,0,0,0,0,0,0,0,0,0,0,0,0,0,0,0,0,0,0,0,0,0,0,0,0
0.02,0,0,0,0,0,0,0,0,0,0,0,0,0,0,0,0,0,0,0,0,0,0,0,0,0,0,0,0,0,0,0,0,0,0,0,0,0,0,0,0,0,0,0,0,0,0,11,59,170,309,296,127,22,5,1,0,0,0,0,0,0,0,0,0,0,0,0,0,0,0,0,0,0,0,0,0,0,0,0,0,0,0,0,0,0,0,0,0,0,0,0,0,0,0,0,0,0,0,0,0
0.03,0,0,0,0,0,0,0,0,0,0,0,0,0,0,0,0,0,0,0,0,0,0,0,0,0,0,0,0,0,0,0,0,0,0,0,0,0,0,0,0,0,0,0,0,0,1,12,65,150,283,275,161,40,13,0,0,0,0,0,0,0,0,0,0,0,0,0,0,0,0,0,0,0,0,0,0,0,0,0,0,0,0,0,0,0,0,0,0,0,0,0,0,0,0,0,0,0,0,0,0
0.04,0,0,0,0,0,0,0,0,0,0,0,0,0,0,0,0,0,0,0,0,0,0,0,0,0,0,0,0,0,0,0,0,0,0,0,0,0,0,0,0,0,0,0,0,0,3,25,78,169,248,217,164,67,22,7,0,0,0,0,0,0,0,0,0,0,0,0,0,0,0,0,0,0,0,0,0,0,0,0,0,0,0,0,0,0,0,0,0,0,0,0,0,0,0,0,0,0,0,0,0
0.05,0,0,0,0,0,0,0,0,0,0,0,0,0,0,0,0,0,0,0,0,0,0,0,0,0,0,0,0,0,0,0,0,0,0,0,0,0,0,0,0,0,1,0,2,4,19,42,110,154,186,202,171,73,31,5,0,0,0,0,0,0,0,0,0,0,0,0,0,0,0,0,0,0,0,0,0,0,0,0,0,0,0,0,0,0,0,0,0,0,0,0,0,0,0,0,0,0,0,0,0
0.060000000000000005,0,0,0,0,0,0,0,0,0,0,0,0,0,0,0,0,0,0,0,0,0,0,0,0,0,0,0,0,0,0,0,0,0,0,0,0,0,0,0,0,0,1,0,5,13,27,61,96,131,210,183,125,91,35,17,3,1,1,0,0,0,0,0,0,0,0,0,0,0,0,0,0,0,0,0,0,0,0,0,0,0,0,0,0,0,0,0,0,0,0,0,0,0,0,0,0,0,0,0,0
0.06999999999999999,0,0,0,0,0,0,0,0,0,0,0,0,0,0,0,0,0,0,0,0,0,0,0,0,0,0,0,0,0,0,0,0,0,0,0,0,0,0,0,0,0,2,1,5,4,24,63,92,150,170,168,135,95,54,23,14,0,0,0,0,0,0,0,0,0,0,0,0,0,0,0,0,0,0,0,0,0,0,0,0,0,0,0,0,0,0,0,0,0,0,0,0,0,0,0,0,0,0,0,0
0.08,0,0,0,0,0,0,0,0,0,0,0,0,0,0,0,0,0,0,0,0,0,0,0,0,0,0,0,0,0,0,0,0,0,0,0,0,0,0,0,0,0,1,0,4,7,28,61,93,167,172,191,128,66,47,24,9,2,0,0,0,0,0,0,0,0,0,0,0,0,0,0,0,0,0,0,0,0,0,0,0,0,0,0,0,0,0,0,0,0,0,0,0,0,0,0,0,0,0,0,0
0.09,0,0,0,0,0,0,0,0,0,0,0,0,0,0,0,0,0,0,0,0,0,0,0,0,0,0,0,0,0,0,0,0,0,0,0,0,0,0,0,0,0,0,1,6,28,42,78,123,122,143,159,125,81,52,24,12,3,1,0,0,0,0,0,0,0,0,0,0,0,0,0,0,0,0,0,0,0,0,0,0,0,0,0,0,0,0,0,0,0,0,0,0,0,0,0,0,0,0,0,0
0.09999999999999999,0,0,0,0,0,0,0,0,0,0,0,0,0,0,0,0,0,0,0,0,0,0,0,0,0,0,0,0,0,0,0,0,0,0,0,0,0,0,0,0,3,3,5,9,24,53,71,97,137,155,134,111,73,58,34,22,9,2,0,0,0,0,0,0,0,0,0,0,0,0,0,0,0,0,0,0,0,0,0,0,0,0,0,0,0,0,0,0,0,0,0,0,0,0,0,0,0,0,0,0
0.11,0,0,0,0,0,0,0,0,0,0,0,0,0,0,0,0,0,0,0,0,0,0,0,0,0,0,0,0,0,0,0,0,0,0,0,0,0,0,0,0,0,3,2,7,19,44,76,130,129,157,150,117,78,43,25,12,5,3,0,0,0,0,0,0,0,0,0,0,0,0,0,0,0,0,0,0,0,0,0,0,0,0,0,0,0,0,0,0,0,0,0,0,0,0,0,0,0,0,0,0
0.12,0,0,0,0,0,0,0,0,0,0,0,0,0,0,0,0,0,0,0,0,0,0,0,0,0,0,0,0,0,0,0,0,0,0,0,0,0,0,0,0,0,1,2,8,12,31,75,91,119,128,133,143,99,64,56,28,8,1,0,1,0,0,0,0,0,0,0,0,0,0,0,0,0,0,0,0,0,0,0,0,0,0,0,0,0,0,0,0,0,0,0,0,0,0,0,0,0,0,0,0
0.13,0,0,0,0,0,0,0,0,0,0,0,0,0,0,0,0,0,0,0,0,0,0,0,0,0,0,0,0,0,0,0,0,0,0,0,0,0,0,0,0,0,2,4,15,22,41,53,100,136,142,142,112,96,58,37,17,16,5,2,0,0,0,0,0,0,0,0,0,0,0,0,0,0,0,0,0,0,0,0,0,0,0,0,0,0,0,0,0,0,0,0,0,0,0,0,0,0,0,0,0
0.14,0,0,0,0,0,0,0,0,0,0,0,0,0,0,0,0,0,0,0,0,0,0,0,0,0,0,0,0,0,0,0,0,0,0,0,0,0,0,0,1,0,3,10,17,21,53,65,96,100,121,112,129,114,70,33,26,18,5,1,4,1,0,0,0,0,0,0,0,0,0,0,0,0,0,0,0,0,0,0,0,0,0,0,0,0,0,0,0,0,0,0,0,0,0,0,0,0,0,0,0
0.15000000000000002,0,0,0,0,0,0,0,0,0,0,0,0,0,0,0,0,0,0,0,0,0,0,0,0,0,0,0,0,0,0,0,0,0,0,0,0,0,0,0,1,4,9,20,26,39,66,100,93,115,130,116,94,62,50,36,16,16,5,1,1,0,0,0,0,0,0,0,0,0,0,0,0,0,0,0,0,0,0,0,0,0,0,0,0,0,0,0,0,0,0,0,0,0,0,0,0,0,0,0,0
0.16,0,0,0,0,0,0,0,0,0,0,0,0,0,0,0,0,0,0,0,0,0,0,0,0,0,0,0,0,0,0,0,0,0,0,0,0,0,0,0,1,2,6,6,18,30,62,79,76,121,127,122,103,90,78,39,24,13,2,0,1,0,0,0,0,0,0,0,0,0,0,0,0,0,0,0,0,0,0,0,0,0,0,0,0,0,0,0,0,0,0,0,0,0,0,0,0,0,0,0,0
0.17,0,0,0,0,0,0,0,0,0,0,0,0,0,0,0,0,0,0,0,0,0,0,0,0,0,0,0,0,0,0,0,0,0,0,0,0,0,1,0,2,1,6,8,18,38,64,65,79,103,110,124,113,88,76,40,35,12,10,2,3,2,0,0,0,0,0,0,0,0,0,0,0,0,0,0,0,0,0,0,0,0,0,0,0,0,0,0,0,0,0,0,0,0,0,0,0,0,0,0,0
0.18000000000000002,0,0,0,0,0,0,0,0,0,0,0,0,0,0,0,0,0,0,0,0,0,0,0,0,0,0,0,0,0,0,0,0,0,0,0,0,0,0,0,4,5,6,5,25,50,53,85,90,105,130,119,90,88,52,38,24,14,10,6,1,0,0,0,0,0,0,0,0,0,0,0,0,0,0,0,0,0,0,0,0,0,0,0,0,0,0,0,0,0,0,0,0,0,0,0,0,0,0,0,0
0.19,0,0,0,0,0,0,0,0,0,0,0,0,0,0,0,0,0,0,0,0,0,0,0,0,0,0,0,0,0,0,0,0,0,0,0,0,1,1,1,4,8,9,15,24,46,45,70,73,113,104,107,87,93,66,42,37,24,16,6,3,1,1,1,1,1,0,0,0,0,0,0,0,0,0,0,0,0,0,0,0,0,0,0,0,0,0,0,0,0,0,0,0,0,0,0,0,0,0,0,0
0.2,0,0,0,0,0,0,0,0,0,0,0,0,0,0,0,0,0,0,0,0,0,0,0,0,0,0,0,0,0,0,0,0,0,0,0,1,0,1,1,4,2,6,12,22,33,41,46,89,93,112,130,108,93,81,44,31,26,11,8,1,1,3,0,0,0,0,0,0,0,0,0,0,0,0,0,0,0,0,0,0,0,0,0,0,0,0,0,0,0,0,0,0,0,0,0,0,0,0,0,0
0.21000000000000002,0,0,0,0,0,0,0,0,0,0,0,0,0,0,0,0,0,0,0,0,0,0,0,0,0,0,0,0,0,0,0,0,0,0,0,0,0,0,3,0,4,9,11,22,21,41,55,61,95,118,117,108,94,96,61,29,32,13,8,1,1,0,0,0,0,0,0,0,0,0,0,0,0,0,0,0,0,0,0,0,0,0,0,0,0,0,0,0,0,0,0,0,0,0,0,0,0,0,0,0
0.22,0,0,0,0,0,0,0,0,0,0,0,0,0,0,0,0,0,0,0,0,0,0,0,0,0,0,0,0,0,0,0,0,0,0,0,0,0,0,1,2,5,10,25,29,40,69,67,99,96,105,96,85,85,62,44,30,18,14,7,6,2,3,0,0,0,0,0,0,0,0,0,0,0,0,0,0,0,0,0,0,0,0,0,0,0,0,0,0,0,0,0,0,0,0,0,0,0,0,0,0
0.23,0,0,0,0,0,0,0,0,0,0,0,0,0,0,0,0,0,0,0,0,0,0,0,0,0,0,0,0,0,0,0,0,0,0,0,0,0,2,1,5,8,21,29,26,45,66,75,96,85,90,71,84,77,74,51,29,37,12,8,3,4,1,0,0,0,0,0,0,0,0,0,0,0,0,0,0,0,0,0,0,0,0,0,0,0,0,0,0,0,0,0,0,0,0,0,0,0,0,0,0
0.24000000000000002,0,0,0,0,0,0,0,0,0,0,0,0,0,0,0,0,0,0,0,0,0,0,0,0,0,0,0,0,0,0,0,0,0,0,0,0,0,0,0,5,4,11,11,21,34,50,73,88,92,91,106,97,81,79,48,37,31,18,6,8,6,2,1,0,0,0,0,0,0,0,0,0,0,0,0,0,0,0,0,0,0,0,0,0,0,0,0,0,0,0,0,0,0,0,0,0,0,0,0,0
0.25,0,0,0,0,0,0,0,0,0,0,0,0,0,0,0,0,0,0,0,0,0,0,0,0,0,0,0,0,0,0,0,0,0,0,0,1,0,2,6,3,5,11,18,32,43,60,71,76,70,99,91,73,85,71,55,42,33,25,13,4,6,3,2,0,0,0,0,0,0,0,0,0,0,0,0,0,0,0,0,0,0,0,0,0,0,0,0,0,0,0,0,0,0,0,0,0,0,0,0,0
0.26,0,0,0,0,0,0,0,0,0,0,0,0,0,0,0,0,0,0,0,0,0,0,0,0,0,0,0,0,0,0,0,0,0,0,0,0,1,1,4,2,12,13,20,27,42,42,66,73,78,90,93,82,76,85,54,44,38,27,15,7,3,4,1,0,0,0,0,0,0,0,0,0,0,0,0,0,0,0,0,0,0,0,0,0,0,0,0,0,0,0,0,0,0,0,0,0,0,0,0,0
0.27,0,0,0,0,0,0,0,0,0,0,0,0,0,0,0,0,0,0,0,0,0,0,0,0,0,0,0,0,0,0,0,0,0,0,0,0,3,3,11,9,8,16,16,24,29,57,57,99,86,85,111,92,84,52,46,39,20,26,16,4,2,3,2,0,0,0,0,0,0,0,0,0,0,0,0,0,0,0,0,0,0,0,0,0,0,0,0,0,0,0,0,0,0,0,0,0,0,0,0,0
0.28,0,0,0,0,0,0,0,0,0,0,0,0,0,0,0,0,0,0,0,0,0,0,0,0,0,0,0,0,0,0,0,0,0,0,1,1,1,0,5,7,10,15,24,38,41,45,70,75,82,87,89,74,81,73,42,38,32,25,21,6,7,4,4,0,2,0,0,0,0,0,0,0,0,0,0,0,0,0,0,0,0,0,0,0,0,0,0,0,0,0,0,0,0,0,0,0,0,0,0,0
0.29000000000000004,0,0,0,0,0,0,0,0,0,0,0,0,0,0,0,0,0,0,0,0,0,0,0,0,0,0,0,0,0,0,0,0,0,0,0,0,1,3,2,1,14,16,21,42,47,67,60,82,88,112,85,85,59,61,40,37,32,19,12,5,4,0,1,1,3,0,0,0,0,0,0,0,0,0,0,0,0,0,0,0,0,0,0,0,0,0,0,0,0,0,0,0,0,0,0,0,0,0,0,0
0.3,0,0,0,0,0,0,0,0,0,0,0,0,0,0,0,0,0,0,0,0,0,0,0,0,0,0,0,0,0,0,0,0,0,0,0,1,2,5,3,11,11,22,41,30,39,57,70,80,66,83,99,71,73,65,49,40,31,22,11,6,6,3,2,1,0,0,0,0,0,0,0,0,0,0,0,0,0,0,0,0,0,0,0,0,0,0,0,0,0,0,0,0,0,0,0,0,0,0,0,0
0.31,0,0,0,0,0,0,0,0,0,0,0,0,0,0,0,0,0,0,0,0,0,0,0,0,0,0,0,0,0,0,0,1,0,0,0,1,1,1,3,4,6,14,18,21,32,37,48,69,91,88,99,86,82,63,60,60,37,28,16,13,6,5,5,1,1,2,1,0,0,0,0,0,0,0,0,0,0,0,0,0,0,0,0,0,0,0,0,0,0,0,0,0,0,0,0,0,0,0,0,0
0.32,0,0,0,0,0,0,0,0,0,0,0,0,0,0,0,0,0,0,0,0,0,0,0,0,0,0,0,0,0,0,0,0,0,0,0,0,0,1,4,1,6,12,20,31,46,49,56,86,89,76,79,69,100,63,51,50,38,25,16,11,7,5,2,4,0,2,1,0,0,0,0,0,0,0,0,0,0,0,0,0,0,0,0,0,0,0,0,0,0,0,0,0,0,0,0,0,0,0,0,0
0.33,0,0,0,0,0,0,0,0,0,0,0,0,0,0,0,0,0,0,0,0,0,0,0,0,0,0,0,0,0,0,0,0,0,0,0,0,2,0,2,9,9,11,14,24,31,37,72,77,89,102,74,85,75,67,56,46,32,25,23,17,14,6,1,0,0,0,0,0,0,0,0,0,0,0,0,0,0,0,0,0,0,0,0,0,0,0,0,0,0,0,0,0,0,0,0,0,0,0,0,0
0.34,0,0,0,0,0,0,0,0,0,0,0,0,0,0,0,0,0,0,0,0,0,0,0,0,0,0,1,0,1,0,0,0,1,0,2,1,5,2,9,11,10,15,26,38,36,41,53,90,63,80,103,82,68,65,59,39,28,31,16,6,5,5,4,3,0,0,0,1,0,0,0,0,0,0,0,0,0,0,0,0,0,0,0,0,0,0,0,0,0,0,0,0,0,0,0,0,0,0,0,0
0.35000000000000003,0,0,0,0,0,0,0,0,0,0,0,0,0,0,0,0,0,0,0,0,0,0,0,0,0,0,0,0,0,0,0,0,0,0,0,2,0,6,1,10,8,9,25,18,54,43,52,75,85,81,84,75,71,68,58,50,38,32,17,19,9,8,1,1,0,0,0,0,0,0,0,0,0,0,0,0,0,0,0,0,0,0,0,0,0,0,0,0,0,0,0,0,0,0,0,0,0,0,0,0
0.36000000000000004,0,0,0,0,0,0,0,0,0,0,0,0,0,0,0,0,0,0,0,0,0,0,0,0,0,0,0,0,0,0,0,0,0,1,1,3,4,1,2,12,14,20,20,32,42,59,90,89,63,84,81,62,76,57,48,42,34,28,15,8,3,5,1,2,1,0,0,0,0,0,0,0,0,0,0,0,0,0,0,0,0,0,0,0,0,0,0,0,0,0,0,0,0,0,0,0,0,0,0,0
0.37,0,0,0,0,0,0,0,0,0,0,0,0,0,0,0,0,0,0,0,0,0,0,0,0,0,0,0,0,0,0,0,0,0,0,1,1,5,2,6,12,16,15,18,29,44,44,59,60,79,87,86,78,64,67,51,41,35,24,21,21,11,13,5,3,1,0,1,0,0,0,0,0,0,0,0,0,0,0,0,0,0,0,0,0,0,0,0,0,0,0,0,0,0,0,0,0,0,0,0,0
0.38,0,0,0,0,0,0,0,0,0,0,0,0,0,0,0,0,0,0,0,0,0,0,0,0,0,0,0,0,0,0,0,0,0,0,1,2,3,3,8,5,14,11,24,28,52,45,46,69,74,70,95,96,75,63,52,50,33,25,22,11,12,3,4,1,1,1,1,0,0,0,0,0,0,0,0,0,0,0,0,0,0,0,0,0,0,0,0,0,0,0,0,0,0,0,0,0,0,0,0,0
0.39,0,0,0,0,0,0,0,0,0,0,0,0,0,0,0,0,0,0,0,0,0,0,0,0,0,0,0,0,0,1,1,0,1,0,4,4,3,5,9,15,18,13,27,44,50,55,59,53,75,59,76,61,68,63,50,51,31,29,18,14,17,7,11,5,2,0,0,1,0,0,0,0,0,0,0,0,0,0,0,0,0,0,0,0,0,0,0,0,0,0,0,0,0,0,0,0,0,0,0,0
0.4,0,0,0,0,0,0,0,0,0,0,0,0,0,0,0,0,0,0,0,0,0,0,0,0,0,0,0,0,0,0,0,0,0,2,1,4,3,3,6,11,8,16,26,31,39,53,59,63,61,95,66,75,70,57,60,47,41,23,25,17,14,12,6,2,3,0,1,0,0,0,0,0,0,0,0,0,0,0,0,0,0,0,0,0,0,0,0,0,0,0,0,0,0,0,0,0,0,0,0,0
0.41000000000000003,0,0,0,0,0,0,0,0,0,0,0,0,0,0,0,0,0,0,0,0,0,0,0,0,0,0,0,0,0,0,0,0,0,1,0,1,0,2,2,7,13,18,32,32,44,51,64,55,78,77,70,76,57,65,63,53,41,35,24,12,10,4,7,3,2,1,0,0,0,0,0,0,0,0,0,0,0,0,0,0,0,0,0,0,0,0,0,0,0,0,0,0,0,0,0,0,0,0,0,0
0.42000000000000004,0,0,0,0,0,0,0,0,0,0,0,0,0,0,0,0,0,0,0,0,0,0,0,0,0,0,0,0,0,0,0,0,0,0,2,1,6,4,6,4,8,14,21,23,39,38,60,55,67,86,74,85,68,66,57,46,52,34,26,21,10,8,10,2,4,2,0,0,0,0,0,1,0,0,0,0,0,0,0,0,0,0,0,0,0,0,0,0,0,0,0,0,0,0,0,0,0,0,0,0
0.43,0,0,0,0,0,0,0,0,0,0,0,0,0,0,0,0,0,0,0,0,0,0,0,0,0,0,0,0,0,0,0,1,3,1,3,4,4,6,6,9,17,21,28,37,60,46,78,65,76,81,85,76,59,55,37,32,33,19,12,17,7,6,8,4,1,0,2,0,0,1,0,0,0,0,0,0,0,0,0,0,0,0,0,0,0,0,0,0,0,0,0,0,0,0,0,0,0,0,0,0
0.44,0,0,0,0,0,0,0,0,0,0,0,0,0,0,0,0,0,0,0,0,0,0,0,0,0,0,0,0,0,0,0,0,1,2,0,2,1,4,2,6,20,13,20,29,32,43,51,65,73,82,82,75,82,60,58,39,41,29,28,26,11,5,4,3,3,4,0,2,1,0,0,1,0,0,0,0,0,0,0,0,0,0,0,0,0,0,0,0,0,0,0,0,0,0,0,0,0,0,0,0
0.45,0,0,0,0,0,0,0,0,0,0,0,0,0,0,0,0,0,0,0,0,0,0,0,0,0,0,0,0,0,0,0,0,0,1,0,4,4,2,6,12,13,21,21,32,44,59,53,66,55,77,71,75,71,64,55,37,44,37,18,22,8,11,6,5,3,0,3,0,0,0,0,0,0,0,0,0,0,0,0,0,0,0,0,0,0,0,0,0,0,0,0,0,0,0,0,0,0,0,0,0
0.46,0,0,0,0,0,0,0,0,0,0,0,0,0,0,0,0,0,0,0,0,0,0,0,0,0,0,0,0,0,0,0,0,0,4,3,2,3,13,12,16,22,25,20,41,58,65,67,71,69,75,59,69,70,46,33,42,33,28,14,16,8,7,2,3,1,0,1,1,1,0,0,0,0,0,0,0,0,0,0,0,0,0,0,0,0,0,0,0,0,0,0,0,0,0,0,0,0,0,0,0
0.47000000000000003,0,0,0,0,0,0,0,0,0,0,0,0,0,0,0,0,0,0,0,0,0,0,0,0,0,0,0,0,0,0,0,0,1,3,0,1,8,6,7,5,22,30,29,41,45,40,70,68,82,73,70,74,61,61,40,37,23,29,23,15,10,5,5,2,3,3,4,2,1,0,0,0,1,0,0,0,0,0,0,0,0,0,0,0,0,0,0,0,0,0,0,0,0,0,0,0,0,0,0,0
0.48000000000000004,0,0,0,0,0,0,0,0,0,0,0,0,0,0,0,0,0,0,0,0,0,0,0,0,0,0,0,0,0,0,0,1,1,0,4,2,3,1,9,13,16,21,24,26,49,41,58,55,65,82,74,67,63,59,52,42,36,33,37,13,15,11,9,5,2,3,1,2,2,2,1,0,0,0,0,0,0,0,0,0,0,0,0,0,0,0,0,0,0,0,0,0,0,0,0,0,0,0,0,0
0.49,0,0,0,0,0,0,0,0,0,0,0,0,0,0,0,0,0,0,0,0,0,0,0,0,0,0,0,0,0,0,1,0,0,1,1,3,2,8,12,9,22,24,21,31,40,45,44,55,68,61,73,77,58,67,63,41,47,34,21,18,11,15,7,7,3,3,4,1,1,0,0,1,0,0,0,0,0,0,0,0,0,0,0,0,0,0,0,0,0,0,0,0,0,0,0,0,0,0,0,0
0.5,0,0,0,0,0,0,0,0,0,0,0,0,0,0,0,0,0,0,0,0,0,0,0,0,0,0,0,0,0,0,2,1,1,1,10,4,8,3,11,17,25,28,33,40,52,51,50,63,68,72,77,49,57,52,50,41,32,20,16,16,12,15,6,6,7,0,1,1,0,2,0,0,0,0,0,0,0,0,0,0,0,0,0,0,0,0,0,0,0,0,0,0,0,0,0,0,0,0,0,0
0.51,0,0,0,0,0,0,0,0,0,0,0,0,0,0,0,0,0,0,0,0,0,0,0,0,0,0,0,0,0,0,0,2,3,1,0,0,2,6,10,15,16,20,28,42,39,40,56,68,59,68,64,64,53,64,60,43,34,33,24,22,18,23,11,7,4,1,0,0,0,0,0,0,0,0,0,0,0,0,0,0,0,0,0,0,0,0,0,0,0,0,0,0,0,0,0,0,0,0,0,0
0.52,0,0,0,0,0,0,0,0,0,0,0,0,0,0,0,0,0,0,0,0,0,0,0,0,0,0,0,0,0,0,0,0,1,2,1,1,2,2,7,11,19,29,29,37,46,58,57,62,56,68,69,70,53,55,52,37,38,31,19,27,21,14,9,3,8,2,0,2,2,0,0,0,0,0,0,0,0,0,0,0,0,0,0,0,0,0,0,0,0,0,0,0,0,0,0,0,0,0,0,0
0.53,0,0,0,0,0,0,0,0,0,0,0,0,0,0,0,0,0,0,0,0,0,0,0,0,0,0,0,0,0,1,0,2,2,1,4,3,8,5,10,21,21,21,31,38,38,41,53,60,59,64,75,62,56,60,57,49,39,40,26,16,10,6,7,2,3,5,0,2,1,0,1,0,0,0,0,0,0,0,0,0,0,0,0,0,0,0,0,0,0,0,0,0,0,0,0,0,0,0,0,0
0.54,0,0,0,0,0,0,0,0,0,0,0,0,0,0,0,0,0,0,0,0,0,0,0,0,0,0,0,0,0,0,0,1,2,3,4,7,14,11,22,22,23,31,37,32,50,49,58,64,54,63,48,60,60,41,41,37,43,28,27,24,13,8,8,5,3,3,2,2,0,0,0,0,0,0,0,0,0,0,0,0,0,0,0,0,0,0,0,0,0,0,0,0,0,0,0,0,0,0,0,0
0.55,0,0,0,0,0,0,0,0,0,0,0,0,0,0,0,0,0,0,0,0,0,0,0,0,0,0,0,0,0,0,0,1,1,0,2,2,8,6,5,14,16,20,25,37,32,36,57,58,58,57,65,60,69,51,61,44,47,44,29,25,26,17,8,8,4,0,2,3,1,0,0,0,0,0,1,0,0,0,0,0,0,0,0,0,0,0,0,0,0,0,0,0,0,0,0,0,0,0,0,0
0.56,0,0,0,0,0,0,0,0,0,0,0,0,0,0,0,0,0,0,0,0,0,0,0,0,0,0,0,0,0,0,1,0,0,3,4,2,5,5,17,10,23,28,31,29,42,74,54,68,72,61,71,59,54,54,45,34,44,24,19,25,13,6,10,5,2,3,2,1,0,0,0,0,0,0,0,0,0,0,0,0,0,0,0,0,0,0,0,0,0,0,0,0,0,0,0,0,0,0,0,0
0.5700000000000001,0,0,0,0,0,0,0,0,0,0,0,0,0,0,0,0,0,0,0,0,0,0,0,0,0,0,0,1,0,1,1,1,2,3,4,7,6,7,8,22,18,24,33,40,59,45,53,68,64,58,64,67,57,45,37,44,32,22,18,25,14,19,7,6,4,2,3,5,2,1,1,0,0,0,0,0,0,0,0,0,0,0,0,0,0,0,0,0,0,0,0,0,0,0,0,0,0,0,0,0
0.5800000000000001,0,0,0,0,0,0,0,0,0,0,0,0,0,0,0,0,0,0,0,0,0,0,0,0,0,0,0,0,0,0,0,0,2,3,3,4,11,7,16,15,19,27,32,48,45,52,43,49,69,56,44,50,58,55,61,47,44,27,38,26,15,11,8,7,3,3,0,1,0,0,1,0,0,0,0,0,0,0,0,0,0,0,0,0,0,0,0,0,0,0,0,0,0,0,0,0,0,0,0,0
0.59,0,0,0,0,0,0,0,0,0,0,0,0,0,0,0,0,0,0,0,0,0,0,0,0,0,0,0,0,1,1,1,2,1,3,1,4,11,5,15,18,22,25,34,34,34,50,54,65,51,61,54,69,61,37,56,49,41,32,25,20,16,11,15,7,8,2,2,2,0,0,0,0,0,0,0,0,0,0,0,0,0,0,0,0,0,0,0,0,0,0,0,0,0,0,0,0,0,0,0,0
0.6,0,0,0,0,0,0,0,0,0,0,0,0,0,0,0,0,0,0,0,0,0,0,0,0,0,0,0,0,0,0,1,0,1,0,4,4,9,7,5,10,15,16,26,32,26,46,51,35,56,59,65,64,53,50,51,57,46,35,45,33,31,13,17,7,6,6,5,6,2,2,2,0,0,0,0,0,0,1,0,0,0,0,0,0,0,0,0,0,0,0,0,0,0,0,0,0,0,0,0,0
0.61,0,0,0,0,0,0,0,0,0,0,0,0,0,0,0,0,0,0,0,0,0,0,0,0,0,0,0,0,0,0,1,0,2,1,2,4,7,14,11,14,21,18,29,35,44,48,57,58,72,70,54,76,63,46,52,39,40,27,22,24,13,11,6,8,5,4,0,0,0,2,0,0,0,0,0,0,0,0,0,0,0,0,0,0,0,0,0,0,0,0,0,0,0,0,0,0,0,0,0,0
0.62,0,0,0,0,0,0,0,0,0,0,0,0,0,0,0,0,0,0,0,0,0,0,0,0,0,0,1,1,0,1,1,1,3,1,6,4,6,7,15,7,17,16,27,40,48,54,62,62,47,58,68,67,57,64,47,57,36,31,13,23,17,7,8,6,3,3,2,3,1,0,0,1,0,1,0,0,0,0,0,0,0,0,0,0,0,0,0,0,0,0,0,0,0,0,0,0,0,0,0,0
0.63,0,0,0,0,0,0,0,0,0,0,0,0,0,0,0,0,0,0,0,0,0,0,0,0,0,0,0,0,0,0,1,2,1,2,4,5,9,15,14,13,18,25,27,37,43,48,42,61,55,56,54,60,59,52,49,44,46,23,28,24,19,16,15,14,4,5,3,3,3,0,0,0,1,0,0,0,0,0,0,0,0,0,0,0,0,0,0,0,0,0,0,0,0,0,0,0,0,0,0,0
0.64,0,0,0,0,0,0,0,0,0,0,0,0,0,0,0,0,0,0,0,0,0,0,0,0,0,0,0,0,0,0,0,3,3,2,4,4,5,6,10,19,20,26,26,40,44,60,61,53,55,62,57,72,56,48,56,50,38,30,25,14,14,13,8,9,4,1,0,0,1,0,0,0,1,0,0,0,0,0,0,0,0,0,0,0,0,0,0,0,0,0,0,0,0,0,0,0,0,0,0,0
0.65,0,0,0,0,0,0,0,0,0,0,0,0,0,0,0,0,0,0,0,0,0,0,0,0,1,0,0,0,0,2,1,3,7,3,5,5,8,10,16,21,11,36,41,49,39,51,65,60,55,70,60,63,48,52,41,44,29,22,20,13,14,7,6,8,1,4,3,2,2,2,0,0,0,0,0,0,0,0,0,0,0,0,0,0,0,0,0,0,0,0,0,0,0,0,0,0,0,0,0,0
0.66,0,0,0,0,0,0,0,0,0,0,0,0,0,0,0,0,0,0,0,0,0,0,0,0,0,0,0,0,0,0,1,0,1,1,5,8,11,15,12,12,33,27,20,32,33,44,58,44,56,62,70,52,58,53,51,47,34,36,30,20,16,19,14,6,7,4,2,3,0,2,0,1,0,0,0,0,0,0,0,0,0,0,0,0,0,0,0,0,0,0,0,0,0,0,0,0,0,0,0,0
0.67,0,0,0,0,0,0,0,0,0,0,0,0,0,0,0,0,0,0,0,0,0,0,0,0,0,0,0,0,0,0,0,1,1,1,4,3,8,14,11,14,30,25,38,31,39,42,44,56,52,60,59,47,62,46,42,53,35,41,20,26,20,20,18,16,5,6,4,3,0,0,2,0,1,0,0,0,0,0,0,0,0,0,0,0,0,0,0,0,0,0,0,0,0,0,0,0,0,0,0,0
0.68,0,0,0,0,0,0,0,0,0,0,0,0,0,0,0,0,0,0,0,0,0,0,0,0,0,0,0,2,2,0,2,3,3,5,10,3,11,20,27,17,18,31,43,43,46,52,54,61,56,59,70,55,43,39,44,35,34,25,22,10,14,19,9,8,1,2,2,0,0,0,0,0,0,0,0,0,0,0,0,0,0,0,0,0,0,0,0,0,0,0,0,0,0,0,0,0,0,0,0,0
0.6900000000000001,0,0,0,0,0,0,0,0,0,0,0,0,0,0,0,0,0,0,0,0,0,0,0,0,0,0,0,0,0,0,1,1,2,1,3,5,12,14,8,15,39,42,42,46,46,58,48,59,49,44,56,47,49,39,52,38,38,27,19,20,14,12,16,10,8,6,4,2,3,5,0,0,0,0,0,0,0,0,0,0,0,0,0,0,0,0,0,0,0,0,0,0,0,0,0,0,0,0,0,0
0.7000000000000001,0,0,0,0,0,0,0,0,0,0,0,0,0,0,0,0,0,0,0,0,0,0,0,0,1,0,0,0,0,0,0,3,8,4,7,7,14,9,15,22,23,19,45,37,40,41,45,46,49,49,62,48,40,51,46,48,36,46,32,23,17,18,16,3,7,3,4,5,5,3,0,0,1,2,0,0,0,0,0,0,0,0,0,0,0,0,0,0,0,0,0,0,0,0,0,0,0,0,0,0
0.7100000000000001,0,0,0,0,0,0,0,0,0,0,0,0,0,0,0,0,0,0,0,0,0,0,0,0,1,0,0,0,0,1,2,1,2,2,5,7,8,17,18,24,26,25,27,38,42,50,51,61,55,56,63,49,49,51,37,49,43,28,19,17,17,15,14,12,3,6,2,4,2,0,1,0,0,0,0,0,0,0,0,0,0,0,0,0,0,0,0,0,0,0,0,0,0,0,0,0,0,0,0,0
0.72,0,0,0,0,0,0,0,0,0,0,0,0,0,0,0,0,0,0,0,0,0,0,0,0,0,0,0,0,0,0,1,2,1,1,4,7,11,6,18,20,17,25,33,30,42,34,40,56,56,44,57,60,68,53,54,47,46,38,32,20,21,15,7,7,11,6,2,3,4,0,0,0,1,0,0,0,0,0,0,0,0,0,0,0,0,0,0,0,0,0,0,0,0,0,0,0,0,0,0,0
0.73,0,0,0,0,0,0,0,0,0,0,0,0,0,0,0,0,0,0,0,0,0,0,0,0,0,0,0,0,2,2,3,2,5,6,9,10,9,14,14,18,20,26,24,40,53,33,43,53,49,59,76,50,61,43,41,32,38,29,25,26,23,14,14,11,10,4,1,4,1,1,1,0,1,0,0,0,0,0,0,0,0,0,0,0,0,0,0,0,0,0,0,0,0,0,0,0,0,0,0,0
0.74,0,0,0,0,0,0,0,0,0,0,0,0,0,0,0,0,0,0,0,0,0,0,0,0,0,1,0,0,0,1,1,2,2,2,2,5,5,7,18,9,30,22,30,41,35,41,52,38,73,52,54,54,55,45,56,48,37,36,30,25,18,16,12,16,6,3,4,8,2,1,1,1,2,0,0,1,0,0,0,0,0,0,0,0,0,0,0,0,0,0,0,0,0,0,0,0,0,0,0,0
0.75,0,0,0,0,0,0,0,0,0,0,0,0,0,0,0,0,0,0,0,0,0,0,0,0,0,0,0,0,0,0,1,0,1,3,5,3,5,8,15,10,13,20,30,33,42,43,58,48,57,51,53,54,58,50,47,47,53,33,40,32,18,15,22,10,3,5,3,5,3,0,1,2,0,0,0,0,0,0,0,0,0,0,0,0,0,0,0,0,0,0,0,0,0,0,0,0,0,0,0,0
0.76,0,0,0,0,0,0,0,0,0,0,0,0,0,0,0,0,0,0,0,0,0,0,0,0,0,0,0,0,0,0,1,1,3,5,5,6,13,11,14,21,21,25,35,22,36,34,55,55,52,55,58,62,54,57,46,46,42,30,22,23,23,21,16,11,4,3,6,3,1,2,0,0,0,0,0,0,0,0,0,0,0,0,0,0,0,0,0,0,0,0,0,0,0,0,0,0,0,0,0,0
0.77,0,0,0,0,0,0,0,0,0,0,0,0,0,0,0,0,0,0,0,0,0,1,0,0,0,0,0,1,0,2,3,2,3,7,10,7,10,15,13,23,16,24,33,21,52,49,53,66,53,60,69,46,45,62,44,33,49,30,27,21,15,10,9,3,3,3,3,3,1,0,0,0,0,0,0,0,0,0,0,0,0,0,0,0,0,0,0,0,0,0,0,0,0,0,0,0,0,0,0,0
0.78,0,0,0,0,0,0,0,0,0,0,0,0,0,0,0,0,0,0,0,0,0,0,0,0,0,0,1,0,0,2,0,5,3,6,1,5,9,14,17,21,24,30,32,38,53,44,57,52,54,47,44,61,53,35,39,47,26,24,26,15,31,20,17,16,9,7,6,2,1,1,0,2,0,0,1,0,1,0,0,0,1,0,0,0,0,0,0,0,0,0,0,0,0,0,0,0,0,0,0,0
0.79,0,0,0,0,0,0,0,0,0,0,0,0,0,0,0,0,0,0,0,0,0,0,0,0,0,0,0,2,0,0,0,2,3,3,6,10,13,11,15,19,22,17,34,37,33,43,54,54,44,59,44,54,64,59,41,44,35,23,24,26,22,14,19,15,6,5,11,6,1,2,0,3,0,0,0,1,0,0,0,0,0,0,0,0,0,0,0,0,0,0,0,0,0,0,0,0,0,0,0,0
0.8,0,0,0,0,0,0,0,0,0,0,0,0,0,0,0,0,0,0,0,0,0,0,0,0,0,0,1,1,1,0,2,1,4,4,1,5,12,11,20,18,25,35,32,31,37,42,51,58,44,66,53,51,45,49,39,34,48,48,30,24,17,21,7,12,9,5,2,0,2,0,2,0,0,0,0,0,0,0,0,0,0,0,0,0,0,0,0,0,0,0,0,0,0,0,0,0,0,0,0,0
0.81,0,0,0,0,0,0,0,0,0,0,0,0,0,0,0,0,0,0,0,0,0,0,0,0,0,0,0,1,0,2,0,1,1,3,4,8,11,10,18,12,24,22,23,37,33,32,42,52,42,47,66,50,51,51,47,56,38,48,32,23,26,17,11,12,5,10,8,9,3,5,4,0,0,1,0,0,1,0,0,1,0,0,0,0,0,0,0,0,0,0,0,0,0,0,0,0,0,0,0,0
0.8200000000000001,0,0,0,0,0,0,0,0,0,0,0,0,0,0,0,0,0,0,0,0,0,0,0,0,0,0,2,0,0,2,2,6,4,4,5,7,14,13,11,21,21,39,38,37,31,46,52,46,53,63,60,60,38,47,37,35,34,33,28,29,9,14,12,14,8,5,8,3,0,3,0,1,3,1,0,1,0,0,0,0,0,0,0,0,0,0,0,0,0,0,0,0,0,0,0,0,0,0,0,0
0.8300000000000001,0,0,0,0,0,0,0,0,0,0,0,0,0,0,0,0,0,0,0,0,0,0,0,0,0,1,0,0,1,1,3,4,3,9,5,5,13,12,16,19,23,28,28,35,31,52,39,55,52,41,47,48,59,52,41,39,44,36,25,27,24,18,13,18,10,5,5,4,2,2,0,1,1,2,1,0,0,0,0,0,0,0,0,0,0,0,0,0,0,0,0,0,0,0,0,0,0,0,0,0
0.8400000000000001,0,0,0,0,0,0,0,0,0,0,0,0,0,0,0,0,0,0,0,0,0,0,0,0,1,0,0,0,0,2,5,2,4,2,10,1,14,11,17,33,32,24,36,31,42,46,43,55,45,67,55,63,50,45,50,45,24,40,31,14,16,12,9,5,6,7,1,2,0,0,1,0,0,1,0,0,0,0,0,0,0,0,0,0,0,0,0,0,0,0,0,0,0,0,0,0,0,0,0,0
0.85,0,0,0,0,0,0,0,0,0,0,0,0,0,0,0,0,0,0,0,0,0,0,0,0,0,0,0,0,0,2,1,3,1,5,4,8,13,13,20,19,26,33,33,32,45,47,53,40,54,58,62,50,53,40,41,45,33,31,22,26,16,14,14,9,10,8,5,4,3,3,0,1,0,0,0,0,0,0,0,0,0,0,0,0,0,0,0,0,0,0,0,0,0,0,0,0,0,0,0,0
0.86,0,0,0,0,0,0,0,0,0,0,0,0,0,0,0,0,0,0,0,0,0,0,0,0,0,0,0,0,1,3,2,1,3,1,9,6,9,7,7,16,14,23,25,19,32,27,35,37,43,40,53,47,57,56,46,64,49,39,38,36,21,28,23,13,12,12,14,6,8,4,5,2,2,3,0,0,0,1,0,1,0,0,0,0,0,0,0,0,0,0,0,0,0,0,0,0,0,0,0,0
0.87,0,0,0,0,0,0,0,0,0,0,0,0,0,0,0,0,0,0,0,0,0,0,0,0,0,0,0,0,1,1,2,2,5,6,8,9,12,17,16,16,17,21,30,32,46,47,49,55,70,60,54,38,65,37,37,42,35,29,25,22,17,13,11,9,13,8,4,5,3,3,1,3,3,1,0,0,0,0,0,0,0,0,0,0,0,0,0,0,0,0,0,0,0,0,0,0,0,0,0,0
0.88,0,0,0,0,0,0,0,0,0,0,0,0,0,0,0,0,0,0,0,0,0,0,0,0,0,2,0,0,3,2,0,4,3,8,11,9,12,11,9,22,17,28,29,45,54,54,50,51,51,63,57,47,48,56,45,43,39,22,26,17,18,12,7,10,6,2,1,3,2,1,0,0,0,0,0,0,0,0,0,0,0,0,0,0,0,0,0,0,0,0,0,0,0,0,0,0,0,0,0,0
0.89,0,0,0,0,0,0,0,0,0,0,0,0,0,0,0,0,0,0,0,0,0,0,0,0,0,0,0,0,0,1,3,2,4,10,7,9,7,10,15,18,23,41,50,47,49,30,68,41,43,58,47,58,44,36,42,45,30,27,25,28,18,9,18,5,8,7,5,3,3,0,1,2,1,0,1,0,1,0,0,0,0,0,0,0,0,0,0,0,0,0,0,0,0,0,0,0,0,0,0,0
0.9,0,0,0,0,0,0,0,0,0,0,0,0,0,0,0,0,0,0,0,0,0,0,0,1,0,1,0,1,2,2,4,3,5,4,4,12,9,7,23,23,25,26,24,27,40,47,60,53,49,57,46,58,58,48,41,31,28,35,33,31,16,18,15,7,5,3,5,3,5,1,0,0,1,1,2,0,0,0,0,0,0,0,0,0,0,0,0,0,0,0,0,0,0,0,0,0,0,0,0,0
0.91,0,0,0,0,0,0,0,0,0,0,0,0,0,0,0,0,0,0,0,0,0,0,0,0,2,2,0,1,3,2,4,5,6,5,7,10,20,18,17,22,20,31,25,44,47,45,49,47,49,45,53,51,40,43,49,44,33,36,24,22,19,18,7,9,12,4,2,4,3,1,0,0,0,0,0,0,0,0,0,0,0,0,0,0,0,0,0,0,0,0,0,0,0,0,0,0,0,0,0,0
0.92,0,0,0,0,0,0,0,0,0,0,0,0,0,0,0,0,0,0,0,0,0,0,0,0,0,0,0,0,0,2,2,2,2,2,7,15,7,21,19,25,21,31,31,35,36,52,44,44,44,45,38,54,55,46,50,47,54,32,27,30,17,11,16,7,5,8,2,4,2,5,1,1,0,1,0,0,0,0,0,0,0,0,0,0,0,0,0,0,0,0,0,0,0,0,0,0,0,0,0,0
0.93,0,0,0,0,0,0,0,0,0,0,0,0,0,0,0,0,0,0,0,0,0,0,0,0,1,0,0,2,2,1,2,2,4,4,5,6,8,20,15,29,37,25,41,46,46,51,59,55,47,40,61,49,43,65,37,34,29,30,28,18,11,13,14,7,2,3,1,4,2,1,0,0,0,0,0,0,0,0,0,0,0,0,0,0,0,0,0,0,0,0,0,0,0,0,0,0,0,0,0,0
0.9400000000000001,0,0,0,0,0,0,0,0,0,0,0,0,0,0,0,0,0,0,0,0,0,0,0,0,0,1,0,0,0,1,0,2,5,4,7,11,8,14,10,24,23,19,23,32,36,55,47,41,55,42,52,50,54,43,52,45,49,34,20,34,34,13,12,6,8,11,6,4,4,1,4,0,1,3,0,0,0,0,0,0,0,0,0,0,0,0,0,0,0,0,0,0,0,0,0,0,0,0,0,0
0.9500000000000001,0,0,0,0,0,0,0,0,0,0,0,0,0,0,0,0,0,0,0,0,0,0,0,0,0,1,1,1,1,1,3,5,6,3,4,7,12,11,17,15,18,29,29,34,37,35,41,46,50,57,56,59,51,45,49,50,33,42,25,28,20,15,12,13,9,6,7,3,5,2,1,1,0,1,0,1,1,0,1,0,0,0,0,0,0,0,0,0,0,0,0,0,0,0,0,0,0,0,0,0
0.9600000000000001,0,0,0,0,0,0,0,0,0,0,0,0,0,0,0,0,0,0,0,0,0,0,0,0,0,0,1,1,2,1,0,3,1,3,9,10,8,18,17,14,26,29,24,32,56,55,52,48,51,54,53,45,44,51,47,34,32,32,26,31,17,12,17,7,9,2,4,7,5,4,2,1,0,2,0,0,0,1,0,0,0,0,0,0,0,0,0,0,0,0,0,0,0,0,0,0,0,0,0,0
0.97,0,0,0,0,0,0,0,0,0,0,0,0,0,0,0,0,0,0,0,0,0,0,0,0,1,1,2,1,3,2,2,6,7,9,7,11,7,8,16,13,13,18,28,19,37,43,54,34,65,52,55,55,50,37,43,38,49,44,33,26,17,20,14,11,13,5,7,11,3,2,2,3,0,0,1,1,0,0,1,0,0,0,0,0,0,0,0,0,0,0,0,0,0,0,0,0,0,0,0,0
0.98,0,0,0,0,0,0,0,0,0,0,0,0,0,0,0,0,0,0,0,0,0,0,0,0,0,1,1,3,3,4,8,1,4,4,11,10,12,9,22,24,33,30,40,33,26,37,44,55,41,51,55,46,45,50,32,40,34,24,29,19,22,18,16,14,11,9,8,4,8,2,1,4,1,0,1,0,0,0,0,0,0,0,0,0,0,0,0,0,0,0,0,0,0,0,0,0,0,0,0,0
0.99,0,0,0,0,0,0,0,0,0,0,0,0,0,0,0,0,0,0,0,0,0,0,0,0,0,0,2,1,1,4,5,10,5,10,9,13,18,19,20,26,23,39,32,46,40,39,40,53,54,48,36,39,40,35,35,41,33,20,23,26,32,21,16,10,11,3,4,6,6,3,0,2,1,0,0,0,0,0,0,0,0,0,0,0,0,0,0,0,0,0,0,0,0,0,0,0,0,0,0,0
1.0,0,0,0,0,0,0,0,0,0,0,0,0,0,0,0,0,0,0,0,0,0,0,0,0,0,0,2,1,3,3,6,4,1,9,9,12,15,14,31,20,29,27,36,32,31,39,54,46,54,56,43,40,45,34,43,36,33,32,29,22,26,20,13,16,5,7,8,7,2,0,4,1,0,0,0,0,0,0,0,0,0,0,0,0,0,0,0,0,0,0,0,0,0,0,0,0,0,0,0,0
1.01,0,0,0,0,0,0,0,0,0,0,0,0,0,0,0,0,0,0,0,0,0,0,0,0,0,0,1,0,2,1,1,3,1,7,9,9,12,19,25,18,24,19,43,33,44,43,50,39,47,60,65,49,53,42,44,41,28,28,31,26,14,26,18,2,7,7,1,1,1,2,1,2,0,1,0,0,0,0,0,0,0,0,0,0,0,0,0,0,0,0,0,0,0,0,0,0,0,0,0,0
1.02,0,0,0,0,0,0,0,0,0,0,0,0,0,0,0,0,0,0,0,0,0,0,0,0,0,0,0,1,0,2,4,3,4,2,8,17,7,16,23,17,26,27,31,40,38,44,44,35,48,56,40,36,48,39,45,40,35,29,41,23,15,25,15,13,11,7,9,9,5,4,4,5,4,1,2,2,0,0,0,0,0,0,0,0,0,0,0,0,0,0,0,0,0,0,0,0,0,0,0,0
1.03,0,0,0,0,0,0,0,0,0,0,0,0,0,0,0,0,0,0,0,0,0,1,0,1,2,0,0,0,3,1,1,4,6,6,7,11,11,19,17,27,31,36,41,37,53,48,41,50,44,53,48,41,44,39,35,30,34,31,27,23,20,14,9,11,5,10,6,5,6,4,2,0,0,1,1,1,0,1,1,0,0,0,0,0,0,0,0,0,0,0,0,0,0,0,0,0,0,0,0,0
1.04,0,0,0,0,0,0,0,0,0,0,0,0,0,0,0,0,0,0,0,0,0,0,0,1,1,1,1,1,4,2,1,6,7,6,10,11,15,15,21,18,21,37,30,37,38,53,38,47,44,49,64,49,44,39,48,42,29,19,27,29,19,12,15,10,6,9,4,2,5,4,1,1,0,2,2,0,0,2,0,1,0,0,0,0,0,0,0,0,0,0,0,0,0,0,0,0,0,0,0,0
1.05,0,0,0,0,0,0,0,0,0,0,0,0,0,0,0,0,0,0,0,0,0,1,0,0,2,0,0,2,3,1,8,3,8,10,5,19,11,16,21,19,32,26,42,37,38,53,52,38,42,40,48,48,41,41,35,30,37,33,28,27,16,29,12,12,5,8,4,7,6,1,1,1,0,0,1,0,0,0,0,0,0,0,0,0,0,0,0,0,0,0,0,0,0,0,0,0,0,0,0,0
1.06,0,0,0,0,0,0,0,0,0,0,0,0,0,0,0,0,0,0,0,0,0,0,0,0,0,0,0,0,1,2,2,3,4,5,5,16,14,24,18,22,40,30,32,39,38,41,40,47,40,43,37,40,55,40,40,44,35,32,23,27,20,22,20,15,13,10,8,3,3,3,1,1,0,0,0,0,1,1,0,0,0,0,0,0,0,0,0,0,0,0,0,0,0,0,0,0,0,0,0,0
1.07,0,0,0,0,0,0,0,0,0,0,0,0,0,0,0,0,0,0,0,0,0,0,0,2,0,0,2,2,2,5,2,6,6,13,4,12,10,20,26,19,25,30,34,37,40,34,37,54,50,46,54,51,46,50,39,33,31,32,32,22,19,18,14,7,8,3,2,5,10,4,1,0,0,0,0,1,0,0,0,0,0,0,0,0,0,0,0,0,0,0,0,0,0,0,0,0,0,0,0,0
1.08,0,0,0,0,0,0,0,0,0,0,0,0,0,0,0,1,0,0,0,0,0,0,0,1,2,1,2,1,0,6,1,5,7,16,8,13,12,25,18,20,29,30,30,24,39,32,35,37,41,40,49,40,45,41,44,38,28,24,30,31,29,31,18,19,13,3,9,5,9,5,3,1,2,4,1,1,0,1,0,0,0,0,0,0,0,0,0,0,0,0,0,0,0,0,0,0,0,0,0,0
1.09,0,0,0,0,0,0,0,0,0,0,0,0,0,0,0,0,0,0,0,0,0,0,0,0,0,0,1,2,4,1,1,10,10,7,14,13,14,18,24,25,30,24,41,38,42,43,47,39,41,35,27,36,61,41,36,38,34,28,28,24,21,20,19,13,11,10,6,6,4,11,0,1,0,1,0,0,0,0,0,0,0,0,0,0,0,0,0,0,0,0,0,0,0,0,0,0,0,0,0,0
1.1,0,0,0,0,0,0,0,0,0,0,0,0,0,0,0,0,0,0,0,0,0,1,0,1,0,3,1,2,4,4,2,5,4,12,8,20,14,20,21,28,31,30,26,36,35,34,40,40,47,52,39,34,44,40,40,42,39,26,31,25,19,14,14,18,5,7,6,11,3,6,6,2,3,3,0,1,1,0,0,0,0,0,0,0,0,0,0,0,0,0,0,0,0,0,0,0,0,0,0,0
1.11,0,0,0,0,0,0,0,0,0,0,0,0,0,0,0,0,0,0,0,0,0,0,0,0,0,0,0,0,0,0,2,7,8,5,11,8,11,10,15,18,23,24,36,43,34,39,34,49,44,47,36,54,51,50,53,39,48,27,33,26,22,24,17,8,11,4,6,5,4,4,3,3,3,0,0,1,0,0,0,0,0,0,0,0,0,0,0,0,0,0,0,0,0,0,0,0,0,0,0,0
1.12,0,0,0,0,0,0,0,0,0,0,0,0,0,0,0,0,0,0,0,0,0,0,0,0,0,1,1,2,0,4,6,6,6,8,10,11,13,19,22,21,21,28,43,41,42,40,42,47,42,54,50,54,44,52,33,32,28,27,27,23,19,13,9,13,10,9,5,4,6,5,1,1,0,0,4,1,0,0,0,0,0,0,0,0,0,0,0,0,0,0,0,0,0,0,0,0,0,0,0,0
1.1300000000000001,0,0,0,0,0,0,0,0,0,0,0,0,0,0,0,0,0,0,1,0,2,0,0,1,1,4,2,1,2,2,0,7,3,2,10,14,8,12,21,12,31,35,36,22,34,40,35,43,37,41,53,40,42,47,54,48,34,33,33,29,16,26,16,13,13,7,10,11,7,2,2,2,1,1,0,0,1,0,0,0,0,0,0,0,0,0,0,0,0,0,0,0,0,0,0,0,0,0,0,0
1.1400000000000001,0,0,0,0,0,0,0,0,0,0,0,0,0,0,0,0,0,0,1,1,0,0,0,0,1,1,1,2,4,3,10,7,3,5,5,11,13,12,19,21,29,23,28,26,33,34,41,35,36,46,52,37,30,42,40,37,39,46,30,31,27,13,23,18,13,5,8,9,4,8,6,4,6,3,6,4,3,0,1,1,0,2,0,0,1,0,0,0,0,0,0,0,0,0,0,0,0,0,0,0
1.1500000000000001,0,0,0,0,0,0,0,0,0,0,0,0,0,0,0,0,0,0,0,1,0,0,0,1,1,0,1,1,2,5,3,13,7,6,5,13,17,9,20,24,28,27,32,34,33,40,43,48,47,40,59,49,41,38,42,38,31,29,21,26,21,11,19,9,12,16,7,4,6,8,4,3,1,4,0,0,0,0,0,0,0,0,0,0,0,0,0,0,0,0,0,0,0,0,0,0,0,0,0,0
1.1600000000000001,0,0,0,0,0,0,0,0,0,0,0,0,0,0,0,0,0,0,0,0,0,0,1,0,1,0,0,1,1,4,6,10,6,11,8,13,14,21,16,24,27,19,26,38,34,44,42,36,46,45,44,45,50,47,32,36,37,30,30,29,30,14,9,13,14,7,6,12,5,4,1,2,0,4,1,3,0,1,0,0,0,0,0,0,0,0,0,0,0,0,0,0,0,0,0,0,0,0,0,0
1.17,0,0,0,0,0,0,0,0,0,0,0,0,0,0,0,0,0,0,0,0,0,0,0,0,0,1,1,0,2,1,3,7,4,4,6,11,11,12,17,25,18,30,39,33,43,46,36,49,44,46,38,58,38,42,39,45,23,23,25,20,34,26,17,12,21,4,7,7,7,5,3,7,1,0,1,4,0,1,1,0,0,2,0,0,0,0,0,0,0,0,0,0,0,0,0,0,0,0,0,0
1.18,0,0,0,0,0,0,0,0,0,0,0,0,0,0,0,0,0,0,0,0,0,0,0,1,0,1,2,3,2,5,5,7,5,5,7,7,15,13,22,18,26,32,26,33,39,38,47,49,42,44,42,41,46,42,34,39,45,20,28,22,22,26,24,15,13,10,9,4,9,6,6,1,1,0,1,0,0,0,0,0,0,0,0,0,0,0,0,0,0,0,0,0,0,0,0,0,0,0,0,0
1.19,0,0,0,0,0,0,0,0,0,0,0,0,0,0,0,0,0,0,0,0,0,0,0,0,0,0,1,2,3,3,1,5,4,7,9,15,15,19,23,32,37,31,41,37,38,38,38,51,38,47,51,44,35,40,41,39,35,29,32,25,17,13,13,10,10,4,7,6,2,2,3,2,2,1,0,1,0,0,0,0,0,1,0,0,0,0,0,0,0,0,0,0,0,0,0,0,0,0,0,0
1.2,0,0,0,0,0,0,0,0,0,0,0,0,0,0,0,0,0,0,0,0,1,1,0,1,0,1,0,0,2,4,8,3,6,7,16,13,14,9,19,28,27,30,30,22,33,39,44,43,41,38,39,50,48,43,41,46,32,24,27,27,28,15,17,14,13,12,11,4,5,3,2,3,6,3,3,0,2,1,1,0,0,0,0,0,0,0,0,0,0,0,0,0,0,0,0,0,0,0,0,0
1.21,0,0,0,0,0,0,0,0,0,0,0,0,0,0,0,0,0,0,0,0,0,0,0,0,0,1,1,0,0,3,4,2,6,8,11,10,11,16,14,19,25,26,31,24,36,35,44,40,45,53,34,41,39,49,32,48,34,34,28,29,35,24,14,19,15,7,10,10,11,5,8,5,2,1,0,0,0,0,0,0,1,0,0,0,0,0,0,0,0,0,0,0,0,0,0,0,0,0,0,0
1.22,0,0,0,0,0,0,0,0,0,0,0,0,0,0,0,1,1,0,1,0,0,0,0,0,0,2,0,2,3,1,2,4,6,11,11,11,13,20,22,24,26,29,20,30,34,43,35,47,32,51,43,44,56,41,36,35,40,31,32,20,22,27,18,9,14,14,7,5,8,3,2,4,1,5,1,0,0,0,0,0,0,0,0,0,0,0,0,0,0,0,0,0,0,0,0,0,0,0,0,0
1.23,0,0,0,0,0,0,0,0,0,0,0,0,0,0,0,0,0,1,0,0,2,0,0,2,0,0,3,1,4,0,4,5,8,9,10,9,9,13,20,28,21,34,27,23,43,40,44,38,56,41,39,47,39,47,42,47,36,25,36,23,28,20,12,14,11,9,9,6,0,7,1,0,2,2,1,1,0,1,0,0,0,0,0,0,0,0,0,0,0,0,0,0,0,0,0,0,0,0,0,0
1.24,0,0,0,0,0,0,0,0,0,0,0,0,0,0,0,0,1,0,0,0,1,0,3,2,0,3,4,3,5,4,2,4,7,7,5,9,22,25,26,20,33,27,34,32,38,41,46,32,45,39,42,45,36,43,27,29,37,45,29,25,17,19,10,15,17,8,12,5,0,6,4,2,2,2,1,0,0,0,2,0,0,0,0,0,0,0,0,0,0,0,0,0,0,0,0,0,0,0,0,0
1.25,0,0,0,0,0,0,0,0,0,0,0,0,0,0,0,0,0,0,0,0,0,0,0,0,1,0,2,1,0,1,3,6,5,11,8,7,11,16,19,18,27,20,33,39,34,41,39,36,44,39,57,50,46,41,39,33,33,26,23,27,28,23,20,13,21,10,11,10,2,4,7,5,3,1,2,2,0,0,1,1,0,0,0,0,0,0,0,0,0,0,0,0,0,0,0,0,0,0,0,0
1.26,0,0,0,0,0,0,0,0,0,0,0,0,0,0,0,0,0,0,1,1,0,0,0,2,1,0,0,1,3,6,2,6,8,8,13,15,13,25,22,27,30,40,35,33,35,36,33,44,41,45,45,42,40,37,40,30,34,34,29,28,13,9,10,12,8,12,15,7,7,3,2,4,5,3,1,0,1,0,1,0,0,1,0,0,1,0,0,0,0,0,0,0,0,0,0,0,0,0,0,0
1.27,0,0,0,0,0,0,0,0,0,0,0,0,0,0,0,0,0,0,0,0,0,0,0,0,1,1,0,3,2,5,4,4,11,14,13,11,13,19,16,22,23,30,25,37,36,30,41,40,39,38,41,50,30,58,44,44,24,38,28,38,21,19,13,17,13,8,5,5,5,2,5,4,5,2,0,1,0,0,1,1,0,0,0,0,0,0,0,0,0,0,0,0,0,0,0,0,0,0,0,0
1.28,0,0,0,0,0,0,0,0,0,0,0,0,0,0,0,0,0,0,0,0,0,0,0,0,0,0,1,0,1,4,3,6,7,8,11,11,9,12,15,19,22,26,30,32,31,38,49,38,44,37,40,39,45,36,33,33,30,46,42,33,24,20,16,22,17,14,11,11,9,7,3,6,3,0,3,2,0,0,0,1,0,0,0,0,0,0,0,0,0,0,0,0,0,0,0,0,0,0,0,0
1.29,0,0,0,0,0,0,0,0,0,0,0,0,0,0,0,0,0,0,0,0,0,1,2,1,0,3,6,7,5,1,6,6,17,9,16,5,20,21,23,27,27,20,30,33,31,33,38,28,31,50,39,40,36,31,35,43,32,30,44,25,25,12,20,21,15,12,9,7,6,5,3,2,3,2,2,3,0,0,1,0,0,0,0,0,0,0,0,0,0,0,0,0,0,0,0,0,0,0,0,0
1.3,0,0,0,0,0,0,0,0,0,0,0,0,0,0,0,0,0,0,1,0,2,2,0,3,1,3,2,2,4,3,9,5,8,9,12,16,21,17,28,28,24,24,36,34,50,50,34,50,30,49,40,48,37,30,44,35,33,24,24,18,24,15,13,12,7,9,5,6,4,2,4,4,1,1,0,1,0,1,0,1,0,0,0,0,0,0,0,0,0,0,0,0,0,0,0,0,0,0,0,0
1.31,0,0,0,0,0,0,0,0,0,0,0,0,0,0,0,0,0,0,0,0,0,0,0,0,0,1,0,3,3,5,9,6,11,9,11,24,16,13,21,26,26,32,37,26,39,35,34,34,39,45,37,54,50,44,27,26,31,21,21,30,27,18,20,20,14,7,6,3,8,3,7,4,1,6,1,1,1,0,2,1,4,0,0,0,0,0,0,0,0,0,0,0,0,0,0,0,0,0,0,0
1.32,0,0,0,0,0,0,0,0,0,0,0,0,0,0,0,0,0,1,0,0,0,0,0,1,1,3,3,0,5,2,5,7,6,15,14,17,11,21,23,23,28,26,34,39,34,33,46,41,48,30,60,39,29,36,44,34,32,31,21,15,23,21,18,15,18,12,8,4,4,6,3,3,2,1,4,0,0,0,0,0,0,0,0,0,0,0,0,0,0,0,0,0,0,0,0,0,0,0,0,0
1.33,0,0,0,0,0,0,0,0,0,0,0,0,0,0,0,0,0,0,1,0,0,1,2,2,2,2,5,4,5,2,5,4,5,13,10,12,12,12,23,26,26,23,32,31,30,35,41,38,44,41,45,49,53,34,53,36,37,27,27,25,26,9,18,17,7,8,12,13,5,5,1,1,2,1,0,0,0,0,0,0,0,0,0,0,0,0,0,0,0,0,0,0,0,0,0,0,0,0,0,0
1.34,0,0,0,0,0,0,0,0,0,0,0,0,0,0,0,0,0,0,0,0,1,1,1,1,0,3,3,2,3,4,6,3,10,5,10,10,10,17,26,18,20,27,24,37,44,42,30,42,42,43,34,44,34,34,36,36,34,32,27,29,22,31,22,23,17,12,10,7,5,3,5,2,2,5,3,1,1,2,1,0,0,0,1,0,0,0,0,0,0,0,0,0,0,0,0,0,0,0,0,0
1.35,0,0,0,0,0,0,0,0,0,0,0,0,0,0,0,0,0,0,0,0,0,1,0,0,0,0,1,1,1,3,7,9,14,5,9,5,16,15,14,19,23,29,25,30,25,36,31,32,29,50,50,55,33,47,38,35,31,42,26,26,24,28,17,23,19,14,6,17,8,2,4,7,5,1,3,1,1,1,2,0,1,0,0,2,0,0,0,0,0,0,0,1,0,0,0,0,0,0,0,0
1.36,0,0,0,0,0,0,0,0,0,0,0,0,0,0,0,0,0,0,0,0,0,0,2,1,3,1,1,1,7,5,5,8,5,10,10,10,17,20,20,22,32,27,23,33,37,34,42,46,48,46,36,39,42,28,46,48,29,23,23,27,19,20,19,23,13,9,8,14,9,2,1,2,2,1,0,0,0,0,0,1,0,0,0,0,0,0,0,0,0,0,0,0,0,0,0,0,0,0,0,0
1.37,0,0,0,0,0,0,0,0,0,0,0,0,0,0,1,0,0,0,0,0,0,0,1,1,0,3,2,2,6,6,7,7,6,4,8,12,14,14,23,30,20,28,41,32,43,28,40,43,42,40,41,49,46,35,32,37,34,23,23,29,24,23,21,11,14,15,8,6,7,4,5,4,2,2,0,1,0,0,0,0,0,0,0,0,0,0,0,0,0,0,0,0,0,0,0,0,0,0,0,0
1.3800000000000001,0,0,0,0,0,0,0,0,0,0,0,0,0,0,0,1,0,1,0,0,0,0,0,1,0,1,1,2,4,7,0,3,7,8,8,7,13,15,10,18,23,23,31,27,23,43,41,42,51,45,48,58,48,51,44,46,36,29,27,23,27,28,15,20,13,4,6,2,5,3,2,2,2,2,1,0,0,2,0,0,0,0,0,0,0,0,0,0,0,0,0,0,0,0,0,0,0,0,0,0
1.3900000000000001,0,0,0,0,0,0,0,0,0,0,0,0,0,0,0,0,0,0,1,0,0,0,0,0,2,2,1,1,2,6,5,5,8,8,17,18,13,12,20,19,20,35,26,38,41,29,41,37,34,41,37,40,42,42,32,21,38,38,28,29,24,21,16,18,19,16,9,11,12,3,8,1,3,4,1,3,0,1,0,0,0,1,0,0,0,0,0,0,0,0,0,0,0,0,0,0,0,0,0,0
1.4000000000000001,0,0,0,0,0,0,0,0,0,0,0,1,0,0,0,0,0,1,1,2,0,0,1,3,0,3,2,4,6,6,5,8,11,11,15,17,18,25,25,29,35,31,33,39,41,39,50,51,51,43,43,27,32,32,35,23,32,26,23,13,15,22,14,10,12,5,9,3,4,3,1,3,0,2,3,0,0,0,1,0,0,0,0,0,0,0,0,0,0,0,0,0,0,0,0,0,0,0,0,0
1.4100000000000001,0,0,0,0,0,0,0,0,0,0,0,0,0,0,0,0,0,0,0,0,1,1,0,0,1,2,0,5,3,4,7,6,7,4,11,18,18,22,11,20,15,25,30,44,36,41,29,25,38,47,48,36,41,35,26,28,37,37,39,29,20,22,22,23,12,14,7,7,8,7,6,8,3,6,5,0,1,0,1,1,0,0,0,0,0,0,0,0,0,0,0,0,0,0,0,0,0,0,0,0
1.42,0,0,0,0,0,0,0,0,0,0,0,0,0,0,0,0,0,0,0,0,0,1,1,1,0,3,2,1,4,6,4,6,13,9,14,14,14,19,15,19,25,28,26,23,28,38,34,33,39,39,31,42,41,41,24,53,42,31,32,22,20,29,20,14,25,5,13,9,8,8,5,9,8,3,1,1,1,1,1,0,0,0,0,0,0,1,0,0,0,0,0,0,0,0,0,0,0,0,0,0
1.43,0,0,0,0,0,0,0,0,0,0,0,0,0,0,0,0,0,0,0,0,0,0,0,0,1,0,4,3,5,2,3,5,6,12,7,14,10,10,15,20,21,19,29,34,35,29,39,42,45,41,45,45,40,45,39,29,34,33,30,31,20,29,19,13,15,17,9,10,13,5,7,2,3,0,1,3,1,0,2,3,1,3,1,0,1,0,0,0,0,0,0,0,0,0,0,0,0,0,0,0
1.44,0,0,0,0,0,0,0,0,0,0,0,0,0,0,0,0,0,1,0,0,0,1,0,1,3,2,1,6,1,1,14,14,9,6,10,15,23,19,34,26,24,39,26,35,34,39,42,29,35,35,47,32,38,31,33,29,35,27,20,24,17,15,20,15,25,10,4,11,5,9,5,7,2,4,3,2,2,1,1,0,0,1,0,0,0,0,0,0,0,0,0,0,0,0,0,0,0,0,0,0
1.45,0,0,0,0,0,0,0,0,0,0,0,0,0,0,0,0,0,0,0,0,0,1,0,0,0,2,2,0,3,4,3,5,11,8,8,18,11,17,22,20,28,31,22,29,35,34,32,35,33,46,43,48,52,29,41,44,39,32,30,33,22,18,21,17,9,7,8,12,5,10,8,4,0,1,1,0,2,2,0,0,0,0,1,0,0,0,1,0,0,0,0,0,0,0,0,0,0,0,0,0
1.46,0,0,0,0,0,0,0,0,0,0,0,0,0,0,0,0,1,0,0,0,0,0,1,1,0,1,0,0,0,6,5,3,4,7,7,23,23,22,32,31,37,30,34,47,43,41,48,39,40,35,36,24,36,36,33,27,35,27,30,25,16,10,19,14,15,10,14,10,5,2,1,6,2,0,0,4,1,0,0,1,0,0,0,0,0,0,0,0,0,0,0,0,0,0,0,0,0,0,0,0
1.47,0,0,0,0,0,0,0,0,0,0,0,0,0,0,0,0,0,0,0,0,0,1,0,0,4,1,0,4,1,2,0,4,9,12,8,13,15,15,13,18,32,31,39,35,26,53,37,41,31,40,39,51,36,32,36,42,39,24,27,21,26,27,24,12,11,10,13,12,7,11,2,7,2,0,2,0,0,1,0,1,0,0,0,0,0,0,0,0,0,0,0,0,0,0,0,0,0,0,0,0
1.48,0,0,0,0,0,0,0,0,0,0,0,0,0,0,0,0,0,0,0,0,0,0,0,1,0,1,1,0,4,2,9,4,7,2,13,14,16,15,22,21,24,17,27,33,37,34,33,44,42,51,46,40,45,45,39,44,30,29,23,26,27,18,12,19,20,11,7,9,7,4,7,6,3,2,1,2,2,0,0,2,0,0,0,0,0,0,0,0,0,0,0,0,0,0,0,0,0,0,0,0
1.49,0,0,0,0,0,0,0,0,0,0,0,0,0,1,0,0,1,0,0,2,2,1,1,0,1,1,2,4,4,8,10,9,10,10,10,18,17,21,22,26,24,34,31,37,29,37,35,43,44,43,35,46,36,48,27,36,34,27,21,22,22,16,12,12,10,13,5,3,7,12,6,4,2,1,1,0,1,1,1,0,0,1,0,0,0,0,0,0,0,0,0,0,0,0,0,0,0,0,0,0
1.5,0,0,0,0,0,0,0,0,0,0,0,0,0,0,0,0,0,0,0,0,0,0,1,2,1,3,5,4,3,2,9,4,8,14,7,12,21,13,20,22,21,24,25,38,32,36,38,38,34,37,38,37,52,42,44,30,36,36,34,23,27,27,19,17,14,8,11,7,2,5,2,5,0,2,1,1,1,1,1,1,1,1,0,0,0,0,0,0,0,0,0,0,0,0,0,0,0,0,0,0
1.51,0,0,0,0,0,0,0,0,0,0,0,0,0,0,0,0,0,0,2,0,1,3,2,3,3,2,3,4,5,13,9,9,8,6,16,19,14,19,27,24,23,34,34,33,37,45,28,35,43,59,45,28,38,34,40,34,28,29,22,22,16,17,10,12,13,7,7,8,7,2,7,4,2,1,0,2,0,0,0,1,0,0,0,0,1,0,0,0,0,0,0,0,0,0,0,0,0,0,0,0
1.52,0,0,0,0,0,0,0,0,0,0,0,0,0,0,0,0,0,0,0,0,0,4,1,1,2,4,1,1,4,7,5,7,8,9,8,15,20,16,22,22,25,33,37,29,23,24,41,34,36,46,42,36,43,40,33,41,21,24,23,29,27,26,25,17,13,13,10,7,8,7,7,9,2,1,0,0,2,2,1,0,4,0,0,2,0,0,0,0,0,0,0,0,0,0,0,0,0,0,0,0
1.53,0,0,0,0,0,0,0,0,0,0,0,0,0,1,0,0,0,1,1,0,1,1,2,5,3,2,2,3,6,5,10,10,11,11,12,18,13,18,17,22,18,31,32,37,37,39,31,36,34,36,37,31,41,37,29,31,28,15,27,21,24,20,19,21,21,10,9,15,7,13,6,5,7,5,4,4,1,1,2,2,1,0,0,0,0,0,0,0,0,0,0,0,0,0,0,0,0,0,0,0
1.54,0,0,0,0,0,0,0,0,0,0,0,0,0,0,0,0,0,0,0,1,0,0,0,1,1,3,1,1,5,5,7,8,14,12,11,10,12,16,24,19,30,27,28,29,40,40,41,48,37,53,35,39,39,39,44,33,36,35,20,32,21,18,22,11,8,9,10,3,3,5,3,0,1,2,2,1,1,1,2,0,1,0,0,0,0,0,0,0,0,0,0,0,0,0,0,0,0,0,0,0
1.55,0,0,0,0,0,0,0,0,0,0,0,0,0,0,0,0,0,0,0,0,1,0,1,2,1,2,2,1,4,3,7,4,5,5,8,10,17,15,19,23,18,28,29,38,28,35,45,60,46,36,35,31,41,49,26,39,27,27,27,35,19,20,16,14,17,13,15,7,11,4,7,8,3,6,1,4,1,1,0,1,1,0,0,0,0,0,0,1,0,0,0,0,0,0,0,0,0,0,0,0
1.56,0,0,0,0,0,0,0,0,0,0,0,0,0,0,0,0,1,0,1,1,0,1,2,5,2,2,0,5,4,6,8,7,8,10,15,10,20,21,23,20,29,39,36,34,38,46,31,37,44,41,50,39,46,35,29,27,37,30,30,14,18,21,12,15,7,10,5,8,3,1,2,7,3,2,1,0,0,0,0,1,0,0,0,0,0,0,0,0,0,0,0,0,0,0,0,0,0,0,0,0
1.57,0,0,0,0,0,0,0,0,0,0,0,0,0,0,0,0,0,0,2,1,0,0,1,2,0,4,2,2,3,3,3,6,6,9,10,18,24,11,28,18,12,21,36,26,27,39,46,34,46,27,42,38,54,37,33,34,29,29,26,27,32,24,20,17,16,14,10,9,9,6,10,3,2,3,1,2,2,2,0,0,2,0,0,0,0,0,0,0,0,0,0,0,0,0,0,0,0,0,0,0
1.58,0,0,0,0,0,0,0,0,0,0,0,0,0,0,0,0,0,0,1,0,4,0,1,2,0,7,1,2,7,6,9,9,7,9,15,19,22,24,25,25,29,24,30,39,37,32,35,46,40,43,42,44,33,32,33,29,21,31,20,27,21,13,21,11,8,12,3,7,2,10,5,2,3,3,3,5,1,4,1,2,0,1,0,0,0,0,0,0,0,0,0,0,0,0,0,0,0,0,0,0
1.59,0,0,0,0,0,0,0,0,0,0,0,0,0,0,0,0,0,0,1,2,0,0,0,3,3,3,3,2,5,7,8,6,14,12,13,13,20,21,21,23,29,20,32,31,35,38,39,34,38,39,44,30,40,38,45,33,25,25,30,24,22,22,17,16,17,12,11,13,7,2,3,0,3,1,2,3,0,0,0,0,0,0,0,0,0,0,0,0,0,0,0,0,0,0,0,0,0,0,0,0
1.6,0,0,0,0,0,0,0,0,0,0,0,0,0,0,0,0,0,0,1,1,0,0,1,2,2,6,3,2,4,4,10,3,12,10,14,12,22,16,17,22,26,28,21,26,27,30,47,37,39,32,29,41,40,32,39,32,30,30,31,27,26,16,19,24,17,16,11,8,10,10,7,4,5,4,4,2,1,1,2,4,0,0,1,0,0,0,0,0,0,0,0,0,0,0,0,0,0,0,0,0
1.61,0,0,0,0,0,0,0,0,0,0,1,0,1,1,0,0,1,0,0,1,1,1,2,1,3,6,3,3,4,4,5,7,9,18,13,8,14,24,23,24,27,32,24,26,55,33,27,33,32,44,40,31,37,45,36,42,22,31,28,32,18,15,20,13,14,9,13,9,4,2,3,4,3,4,2,1,2,2,0,0,2,1,0,0,3,1,0,0,0,0,0,0,0,0,0,0,0,0,0,0
1.62,0,0,0,0,0,0,0,0,0,0,0,0,0,0,0,0,1,1,0,0,1,0,1,2,7,1,6,3,3,6,7,9,9,12,11,19,21,29,25,23,23,30,31,19,30,38,38,29,38,37,33,34,34,35,28,32,27,19,27,27,21,20,22,17,21,17,9,9,13,10,6,7,1,0,5,4,2,3,1,3,1,0,0,0,0,0,1,0,1,0,0,0,0,0,0,0,0,0,0,0
1.6300000000000001,0,0,0,0,0,0,0,0,0,0,0,0,0,0,0,0,0,0,0,0,1,2,3,0,4,3,11,8,5,7,8,7,11,13,15,14,16,21,17,17,26,21,26,19,30,25,39,39,33,48,40,44,30,30,27,39,26,31,33,37,19,22,16,19,16,16,6,12,8,9,6,10,3,0,2,2,3,2,1,1,1,0,0,0,0,0,0,0,0,0,0,0,0,0,0,0,0,0,0,0
1.6400000000000001,0,0,0,0,0,0,0,0,0,0,0,0,0,1,0,0,0,0,0,0,0,0,0,0,4,3,1,8,2,8,7,7,8,13,18,20,20,18,24,16,23,35,28,31,31,20,41,28,35,31,33,34,39,38,33,30,45,27,32,31,27,29,17,10,15,10,12,12,8,10,3,2,2,2,5,2,5,1,1,1,1,0,1,0,1,0,0,0,0,0,0,0,0,0,0,0,0,0,0,0
1.6500000000000001,0,0,0,0,0,0,0,0,1,0,1,0,2,0,0,1,0,2,0,0,1,0,3,0,0,2,2,5,2,4,6,9,9,9,16,14,20,19,19,24,26,23,40,36,39,27,30,46,46,35,27,41,29,29,37,33,28,25,19,32,22,29,19,16,17,14,8,14,12,9,6,1,2,2,2,2,1,0,2,1,0,0,1,0,0,0,1,0,0,0,0,0,0,0,0,0,0,0,0,0
1.6600000000000001,0,0,0,0,0,0,0,0,0,0,0,0,0,0,0,0,0,0,1,0,0,0,0,1,0,2,3,6,3,8,7,9,11,14,14,17,17,24,14,24,29,35,35,37,28,25,37,36,34,38,30,41,48,40,26,30,25,34,27,15,35,26,17,22,3,5,14,9,6,6,5,5,5,5,3,2,1,0,0,1,2,1,0,0,1,0,0,1,0,0,0,0,0,0,0,0,0,0,0,0
1.6700000000000002,0,0,0,0,0,0,0,0,0,0,0,0,0,0,0,0,0,0,0,1,1,0,0,1,2,1,1,2,5,5,2,5,4,13,16,13,18,14,18,29,31,35,22,35,37,31,28,32,33,37,49,42,41,47,35,27,39,33,26,23,18,18,18,16,13,11,9,10,4,14,7,9,6,4,3,0,3,0,1,0,0,1,0,0,0,0,1,0,0,0,0,0,0,0,0,0,0,0,0,0
1.68,0,0,0,0,0,0,0,0,0,0,0,0,0,1,0,0,0,1,0,0,0,0,1,4,5,2,1,8,2,8,8,9,6,13,16,15,16,16,23,29,21,28,25,20,31,29,35,33,42,40,31,37,31,33,37,47,32,29,31,27,39,25,16,15,13,4,10,11,10,7,9,6,1,6,0,1,2,0,0,0,1,1,0,0,0,0,0,0,0,0,0,0,0,0,0,0,0,0,0,0
1.69,0,0,0,0,0,0,0,0,0,0,0,0,0,0,0,0,1,0,1,0,1,1,1,2,3,0,6,3,5,8,11,9,13,16,8,17,10,24,20,17,34,21,25,35,25,53,36,40,35,33,32,28,36,42,33,35,30,23,23,31,30,13,10,16,18,6,18,10,8,9,3,4,7,3,2,3,1,3,0,4,2,1,0,0,1,0,0,1,0,0,0,0,0,0,0,0,0,0,0,0
1.7,0,0,0,0,0,0,0,0,0,0,0,0,0,0,0,0,0,0,1,0,0,0,0,0,0,0,3,1,3,8,6,5,6,9,9,10,15,14,27,17,22,32,23,20,40,33,29,36,38,39,43,40,36,40,40,35,31,28,37,38,25,17,22,18,17,13,19,11,7,7,5,8,7,0,4,1,2,2,1,0,0,0,0,0,0,0,0,0,0,0,0,0,0,0,0,0,0,0,0,0
1.71,0,0,0,0,0,0,0,0,0,0,1,0,0,0,0,0,0,0,0,1,2,0,2,2,1,1,3,1,3,7,8,8,14,15,13,15,19,20,19,21,32,38,38,43,23,35,38,34,36,36,40,40,30,29,40,34,35,22,26,30,18,24,23,11,14,16,9,7,5,3,1,3,3,0,4,1,1,0,1,1,0,0,0,0,0,0,0,0,0,0,0,0,0,0,0,0,0,0,0,0
1.72,0,0,0,0,0,0,0,0,0,0,0,0,0,0,0,0,0,1,0,0,2,1,2,1,3,3,4,2,9,3,8,8,13,12,14,13,13,18,13,21,27,22,21,24,34,30,37,51,40,37,23,37,36,38,29,41,22,28,19,23,23,28,22,19,18,19,10,11,11,12,6,6,4,7,4,4,2,0,2,2,2,1,0,0,1,1,0,1,1,0,0,0,0,0,0,0,0,0,0,0
1.73,0,0,0,0,0,0,0,0,0,0,0,0,0,0,0,0,0,0,0,0,0,0,1,0,5,2,4,3,7,9,9,14,9,11,8,16,24,17,23,29,39,32,29,40,35,47,44,45,41,41,34,16,37,31,30,23,24,25,25,15,24,20,15,15,20,7,7,9,7,5,7,7,4,1,4,1,1,0,0,0,0,1,0,0,1,0,0,0,0,0,0,0,0,0,0,0,0,0,0,0
1.74,0,0,0,0,0,0,0,0,0,0,0,0,0,0,0,0,1,0,1,1,2,4,0,2,3,3,3,5,7,5,4,11,9,10,18,16,21,26,17,28,24,35,32,35,22,27,39,28,31,33,33,35,35,38,40,34,30,35,18,19,29,18,16,19,17,15,4,11,6,5,11,9,4,1,4,4,3,1,1,1,1,0,0,0,0,0,0,0,0,0,0,0,0,0,0,0,0,0,0,0
1.75,0,0,0,0,0,0,0,0,0,0,0,0,0,0,0,0,0,0,0,3,1,1,2,2,1,2,5,3,9,8,6,17,11,12,6,13,9,16,28,19,31,30,33,29,27,39,40,52,48,34,39,44,37,54,41,32,30,21,26,13,18,18,16,14,10,4,6,10,5,5,8,3,2,2,3,0,2,0,0,0,0,0,0,0,0,0,0,0,0,0,0,0,0,0,0,0,0,0,0,0
1.76,0,0,0,0,0,0,0,0,0,0,0,0,0,0,0,0,0,0,0,0,0,1,1,2,3,1,7,4,5,3,7,9,9,8,15,12,19,17,20,25,27,30,38,30,29,47,31,38,49,42,38,36,41,32,34,33,28,33,23,29,24,16,15,12,11,14,12,5,11,6,5,2,4,1,1,0,0,1,0,1,2,0,0,1,0,0,0,0,0,0,0,0,0,0,0,0,0,0,0,0
1.77,0,0,0,0,0,0,0,0,0,0,0,0,0,0,0,0,1,0,0,0,0,2,0,1,2,1,1,2,9,7,7,10,3,5,17,23,25,13,20,32,34,32,25,30,32,41,33,42,43,43,37,42,38,24,31,27,33,25,23,22,19,23,22,16,17,9,9,12,3,4,5,8,5,2,1,2,2,0,1,0,0,0,1,1,0,0,0,0,0,0,0,0,0,0,0,0,0,0,0,0
1.78,0,0,0,0,0,0,0,0,0,0,0,0,0,0,0,0,0,0,1,1,0,0,2,1,8,2,3,5,7,8,9,8,8,16,19,10,18,17,28,22,24,18,38,30,23,32,25,39,25,23,40,40,47,37,30,28,26,32,32,21,26,20,22,20,25,11,9,12,8,10,6,6,6,1,0,3,1,2,2,1,4,1,0,0,0,0,0,1,0,0,0,0,0,0,0,0,0,0,0,0
1.79,0,0,0,0,0,0,0,0,0,0,0,0,0,0,0,0,1,2,1,1,0,1,1,0,1,5,2,4,2,4,7,16,5,11,12,12,22,21,24,10,17,19,32,19,25,32,48,39,39,36,27,42,44,34,24,42,33,28,19,32,26,20,26,12,14,9,11,11,20,10,9,9,6,6,7,0,2,2,1,2,0,0,0,0,0,1,0,0,0,0,0,0,0,0,0,0,0,0,0,0
1.8,0,0,0,0,0,0,0,0,0,0,0,0,0,0,1,1,0,0,1,0,0,1,2,4,2,2,7,7,4,10,8,15,13,7,14,15,21,16,32,23,24,27,28,31,33,34,43,43,29,50,35,47,39,32,31,28,25,26,27,28,15,12,19,16,12,11,8,7,10,2,3,4,2,2,5,4,1,0,0,0,1,0,0,0,0,0,0,0,0,0,0,0,0,0,0,0,0,0,0,0
1.81,0,0,0,0,0,0,0,0,0,0,0,2,0,0,0,0,1,1,3,0,3,2,3,0,2,6,3,2,3,8,9,9,11,15,18,14,8,16,14,25,32,24,32,29,29,33,39,30,36,28,34,29,41,36,37,34,27,22,28,32,21,32,19,19,17,18,17,10,4,12,6,4,4,3,0,1,0,0,1,0,2,0,0,0,0,0,0,0,0,0,0,0,0,0,0,0,0,0,0,0
1.82,0,0,0,0,0,0,0,0,0,0,0,0,0,0,1,1,0,0,0,0,0,0,4,2,1,2,1,3,6,4,13,10,8,9,9,19,12,18,22,32,28,31,23,31,35,33,32,34,45,31,40,37,35,32,33,37,30,30,24,27,24,19,15,11,15,16,9,4,9,9,4,6,6,4,4,4,2,1,3,3,2,1,2,0,0,0,2,0,0,0,0,0,0,0,0,0,0,0,0,0
1.83,0,0,0,0,0,0,0,0,0,0,0,0,0,0,0,0,0,1,2,0,1,2,3,3,2,7,2,1,7,5,9,10,8,12,12,19,10,19,23,27,34,26,32,28,43,33,38,30,32,35,29,33,42,37,28,33,29,31,28,26,23,22,15,15,17,14,9,9,9,4,6,4,3,4,3,2,2,2,1,0,1,1,1,0,0,0,1,0,0,0,0,0,0,0,0,0,0,0,0,0
1.84,0,0,0,0,0,0,0,0,0,0,0,0,0,0,0,0,0,2,0,2,1,4,1,4,1,0,4,7,8,6,7,18,13,18,16,20,17,19,25,24,25,19,32,49,23,34,35,23,33,30,41,38,31,41,33,30,25,34,23,19,17,18,17,10,10,5,13,13,10,7,11,7,9,4,2,2,2,3,1,1,1,0,1,0,1,0,0,0,0,0,0,0,0,0,0,0,0,0,0,0
1.85,0,0,0,0,0,0,0,0,0,0,0,0,0,0,1,0,2,2,0,1,2,2,2,1,1,4,4,7,7,6,11,7,8,14,14,13,23,15,17,18,20,39,31,29,37,26,30,31,36,30,23,38,36,31,32,30,33,29,32,21,24,23,15,15,19,17,8,9,9,15,7,13,4,2,6,0,8,1,0,2,2,2,1,0,1,1,0,0,0,0,0,0,0,0,0,0,0,0,0,0
1.86,0,0,0,0,0,0,0,0,0,0,0,0,1,0,0,1,0,0,0,1,1,1,1,1,3,3,5,7,4,6,9,7,18,11,15,15,20,30,21,28,29,31,35,23,40,32,35,41,32,54,47,41,41,33,28,29,26,29,20,20,24,20,15,13,10,9,8,3,4,5,3,3,0,2,4,0,1,1,0,0,0,0,0,0,0,0,0,0,0,0,0,0,0,0,0,0,0,0,0,0
1.87,0,0,1,0,0,1,1,0,1,0,0,1,0,0,1,1,2,2,2,3,3,1,1,7,3,3,9,10,2,15,12,8,15,11,17,9,17,22,16,29,22,33,34,28,34,26,30,34,39,30,30,39,30,38,38,37,22,33,27,18,26,18,12,20,11,11,8,11,7,4,4,1,3,5,1,3,1,2,2,1,0,0,0,1,0,0,0,0,0,0,0,0,0,0,0,0,0,0,0,0
1.8800000000000001,0,0,0,0,0,0,0,0,0,0,0,0,0,0,0,0,0,2,3,1,0,0,0,3,4,5,5,6,7,5,5,7,13,13,11,16,26,14,20,24,17,20,30,28,31,36,29,33,41,46,32,31,29,38,42,32,33,29,31,32,36,18,15,21,16,9,5,11,6,6,2,7,6,4,5,1,0,0,0,2,0,0,0,0,0,0,0,0,0,0,0,0,0,0,0,0,0,0,0,0
1.8900000000000001,0,0,0,0,0,0,0,0,0,0,0,0,0,0,0,0,0,0,0,0,1,0,1,1,5,3,4,3,5,3,3,11,9,10,17,18,20,23,22,19,30,25,30,31,35,39,47,25,37,41,33,32,40,22,26,34,30,29,28,17,28,14,18,23,16,14,15,11,6,8,6,4,5,2,4,3,2,4,1,1,1,0,1,2,0,1,0,0,0,1,0,0,0,0,0,0,0,0,0,0
1.9000000000000001,0,0,0,0,0,0,0,0,0,0,0,0,0,0,0,0,0,0,0,0,0,1,0,4,2,4,4,5,4,5,6,8,3,17,20,14,10,21,28,20,29,30,25,31,32,38,29,34,34,43,37,40,37,40,36,26,39,28,29,19,25,17,18,11,16,7,9,12,8,8,8,6,8,5,3,3,0,1,0,0,0,1,0,0,1,0,0,0,0,1,0,0,0,0,0,0,0,0,0,0
1.9100000000000001,0,0,0,0,0,0,0,0,0,0,0,0,0,2,1,1,1,0,2,1,2,2,3,3,2,3,1,4,6,8,5,9,11,5,7,15,14,26,27,21,15,28,35,39,39,34,32,29,44,31,46,45,43,30,42,28,28,20,12,28,28,20,15,12,12,14,6,12,7,7,6,6,2,4,4,1,4,1,1,5,0,1,0,0,0,2,0,0,0,0,0,0,0,0,0,0,0,0,0,0
1.9200000000000002,0,0,0,0,0,0,0,0,1,0,0,0,0,0,0,0,1,1,0,1,0,2,2,1,4,2,2,6,7,10,10,4,15,17,21,19,15,26,18,20,27,30,27,30,32,44,40,33,45,33,31,39,36,30,32,40,22,27,32,19,15,18,25,19,9,7,8,15,4,4,2,1,6,1,2,1,1,3,0,1,0,1,0,1,0,0,0,1,0,0,0,0,0,0,0,0,0,0,0,1
1.93,0,0,0,0,0,0,0,0,1,0,0,0,0,0,0,1,0,0,1,0,1,2,2,6,4,1,4,3,3,8,6,13,5,12,8,11,23,19,25,21,28,22,22,34,27,33,35,43,38,42,35,37,39,41,35,33,27,28,24,22,36,17,19,12,20,12,9,10,9,11,4,4,3,2,1,1,2,0,1,0,1,1,0,0,0,0,0,0,0,0,0,0,0,0,0,0,0,0,0,0
1.94,0,0,0,0,0,0,0,0,0,0,0,0,0,0,0,0,1,0,0,0,1,1,0,1,3,1,2,3,7,6,9,9,12,8,10,15,20,25,21,20,20,28,29,27,43,36,38,34,43,25,39,33,30,38,33,23,35,29,24,18,34,26,20,22,21,14,12,3,12,8,5,6,4,6,4,1,0,1,0,1,0,0,0,0,0,0,0,0,0,0,0,0,0,0,0,0,0,0,0,0
1.95,0,0,0,0,0,0,0,0,0,0,0,0,0,0,0,1,2,0,0,1,1,1,1,2,3,5,7,1,7,9,4,9,7,14,11,27,18,24,27,21,30,19,28,32,27,31,37,37,32,41,31,21,32,33,37,29,27,36,20,35,29,21,23,22,14,12,10,10,5,8,0,4,5,2,3,2,1,3,2,1,2,2,0,0,0,0,0,0,0,1,0,0,0,0,0,0,0,0,0,0
1.96,0,0,0,0,0,0,0,0,0,0,0,0,1,0,0,1,0,0,2,0,1,4,1,1,4,1,4,3,6,11,14,5,12,8,19,21,22,23,17,26,20,33,24,34,25,27,36,38,28,28,34,26,33,23,22,31,27,24,33,24,25,20,15,14,25,17,15,10,17,10,5,8,3,3,5,5,7,6,3,1,1,4,1,0,2,0,1,0,0,0,0,0,0,0,0,0,0,0,0,0
1.97,0,0,0,0,0,0,0,0,0,0,0,0,1,1,0,0,0,3,0,0,1,4,2,2,1,2,5,4,9,8,6,8,11,9,16,20,21,28,22,15,31,30,29,30,35,37,25,35,29,42,31,36,36,36,47,24,35,19,29,17,19,19,20,16,17,13,13,4,9,7,6,4,1,3,3,2,1,0,2,3,1,0,0,1,2,2,0,0,0,0,0,0,0,0,0,0,0,0,0,0
1.98,0,0,0,0,0,0,0,0,0,0,0,0,0,0,0,0,1,0,0,2,1,3,1,1,2,0,7,5,5,8,11,10,8,14,15,19,17,28,21,29,27,34,28,37,36,30,34,38,36,25,31,40,38,26,28,21,36,27,31,21,19,25,12,19,12,8,15,7,10,8,8,6,3,5,3,2,1,1,1,0,1,0,0,0,1,0,0,0,1,0,0,0,0,0,0,0,0,0,0,0
1.99,0,0,0,0,0,0,0,0,0,0,0,1,0,0,0,1,0,0,0,1,1,4,3,1,2,7,8,10,6,10,6,8,8,5,8,15,11,25,25,23,29,35,26,28,41,32,25,36,42,43,15,31,36,36,29,34,21,27,26,21,28,27,20,22,15,16,11,8,9,7,4,3,9,2,5,4,2,1,0,3,1,0,0,0,0,0,0,0,1,0,0,0,0,0,0,0,0,0,0,0
2.0,0,0,0,0,0,0,0,0,0,0,0,0,0,0,0,1,1,1,0,3,1,1,2,2,5,4,5,5,8,6,7,11,13,12,14,16,22,21,32,20,20,30,31,31,22,26,27,19,28,33,40,32,41,45,31,40,21,19,21,32,19,27,19,12,16,19,12,9,7,8,8,6,4,3,2,6,2,0,2,2,2,2,1,0,1,1,2,2,0,2,0,0,0,0,1,0,0,0,1,0
