hbar,-5.0,-4.95,-4.9,-4.8500000000000005,-4.800000000000001,-4.750000000000001,-4.700000000000001,-4.650000000000001,-4.600000000000001,-4.550000000000002,-4.500000000000002,-4.450000000000002,-4.400000000000002,-4.350000000000002,-4.3000000000000025,-4.250000000000003,-4.200000000000003,-4.150000000000003,-4.100000000000003,-4.050000000000003,-4.0000000000000036,-3.9500000000000037,-3.900000000000004,-3.850000000000004,-3.8000000000000043,-3.7500000000000044,-3.7000000000000046,-3.650000000000005,-3.600000000000005,-3.550000000000005,-3.5000000000000053,-3.4500000000000055,-3.4000000000000057,-3.350000000000006,-3.300000000000006,-3.250000000000006,-3.2000000000000064,-3.1500000000000066,-3.1000000000000068,-3.050000000000007,-3.000000000000007,-2.9500000000000073,-2.9000000000000075,-2.8500000000000076,-2.800000000000008,-2.750000000000008,-2.700000000000008,-2.6500000000000083,-2.6000000000000085,-2.5500000000000087,-2.500000000000009,-2.450000000000009,-2.4000000000000092,-2.3500000000000094,-2.3000000000000096,-2.2500000000000098,-2.20000000000001,-2.15000000000001,-2.1000000000000103,-2.0500000000000105,-2.0000000000000107,-1.9500000000000108,-1.900000000000011,-1.8500000000000112,-1.8000000000000114,-1.7500000000000115,-1.7000000000000117,-1.650000000000012,-1.600000000000012,-1.5500000000000123,-1.5000000000000124,-1.4500000000000126,-1.4000000000000128,-1.350000000000013,-1.3000000000000131,-1.2500000000000133,-1.2000000000000135,-1.1500000000000137,-1.1000000000000139,-1.050000000000014,-1.0000000000000142,-0.9500000000000144,-0.9000000000000146,-0.8500000000000147,-0.8000000000000149,-0.7500000000000151,-0.7000000000000153,-0.6500000000000155,-0.6000000000000156,-0.5500000000000158,-0.500000000000016,-0.45000000000001616,-0.40000000000001634,-0.3500000000000165,-0.3000000000000167,-0.2500000000000169,-0.20000000000001705,-0.15000000000001723,-0.10000000000001741,-0.050000000000017586,-1.7763568394002505e-14,0.04999999999998206,0.09999999999998188,0.1499999999999817,0.19999999999998153,0.24999999999998135,0.29999999999998117,0.349999999999981,0.3999999999999808,0.44999999999998064,0.49999999999998046,0.5499999999999803,0.5999999999999801,0.6499999999999799,0.6999999999999797,0.7499999999999796,0.7999999999999794,0.8499999999999792,0.899999999999979,0.9499999999999789,0.9999999999999787,1.0499999999999785,1.0999999999999783,1.1499999999999782,1.199999999999978,1.2499999999999778,1.2999999999999776,1.3499999999999774,1.3999999999999773,1.449999999999977,1.499999999999977,1.5499999999999767,1.5999999999999766,1.6499999999999764,1.6999999999999762,1.749999999999976,1.7999999999999758,1.8499999999999757,1.8999999999999755,1.9499999999999753,1.9999999999999751,2.049999999999975,2.0999999999999748,2.1499999999999746,2.1999999999999744,2.2499999999999742,2.299999999999974,2.349999999999974,2.3999999999999737,2.4499999999999735,2.4999999999999734,2.549999999999973,2.599999999999973,2.649999999999973,2.6999999999999726,2.7499999999999725,2.7999999999999723,2.849999999999972,2.899999999999972,2.9499999999999718,2.9999999999999716,3.0499999999999723,3.0999999999999712,3.14999999999997,3.199999999999971,3.2499999999999716,3.2999999999999705,3.3499999999999694,3.39999999999997,3.449999999999971,3.49999999999997,3.5499999999999687,3.5999999999999694,3.64999999999997,3.699999999999969,3.749999999999968,3.7999999999999687,3.8499999999999694,3.8999999999999684,3.9499999999999673,3.999999999999968,4.049999999999969,4.099999999999968,4.149999999999967,4.199999999999967,4.249999999999968,4.299999999999967,4.349999999999966,4.399999999999967,4.449999999999967,4.499999999999966,4.549999999999965,4.599999999999966,4.649999999999967,4.6999999999999655,4.7499999999999645,4.799999999999965,4.849999999999966,4.899999999999965,4.949999999999964
hbar,-4.95,-4.9,-4.8500000000000005,-4.800000000000001,-4.750000000000001,-4.700000000000001,-4.650000000000001,-4.600000000000001,-4.550000000000002,-4.500000000000002,-4.450000000000002,-4.400000000000002,-4.350000000000002,-4.3000000000000025,-4.250000000000003,-4.200000000000003,-4.150000000000003,-4.100000000000003,-4.050000000000003,-4.0000000000000036,-3.9500000000000037,-3.900000000000004,-3.850000000000004,-3.8000000000000043,-3.7500000000000044,-3.7000000000000046,-3.650000000000005,-3.600000000000005,-3.550000000000005,-3.5000000000000053,-3.4500000000000055,-3.4000000000000057,-3.350000000000006,-3.300000000000006,-3.250000000000006,-3.2000000000000064,-3.1500000000000066,-3.1000000000000068,-3.050000000000007,-3.000000000000007,-2.9500000000000073,-2.9000000000000075,-2.8500000000000076,-2.800000000000008,-2.750000000000008,-2.700000000000008,-2.6500000000000083,-2.6000000000000085,-2.5500000000000087,-2.500000000000009,-2.450000000000009,-2.4000000000000092,-2.3500000000000094,-2.3000000000000096,-2.2500000000000098,-2.20000000000001,-2.15000000000001,-2.1000000000000103,-2.0500000000000105,-2.0000000000000107,-1.9500000000000108,-1.900000000000011,-1.8500000000000112,-1.8000000000000114,-1.7500000000000115,-1.7000000000000117,-1.650000000000012,-1.600000000000012,-1.5500000000000123,-1.5000000000000124,-1.4500000000000126,-1.4000000000000128,-1.350000000000013,-1.3000000000000131,-1.2500000000000133,-1.2000000000000135,-1.1500000000000137,-1.1000000000000139,-1.050000000000014,-1.0000000000000142,-0.9500000000000144,-0.9000000000000146,-0.8500000000000147,-0.8000000000000149,-0.7500000000000151,-0.7000000000000153,-0.6500000000000155,-0.6000000000000156,-0.5500000000000158,-0.500000000000016,-0.45000000000001616,-0.40000000000001634,-0.3500000000000165,-0.3000000000000167,-0.2500000000000169,-0.20000000000001705,-0.15000000000001723,-0.10000000000001741,-0.050000000000017586,-1.7763568394002505e-14,0.04999999999998206,0.09999999999998188,0.1499999999999817,0.19999999999998153,0.24999999999998135,0.29999999999998117,0.349999999999981,0.3999999999999808,0.44999999999998064,0.49999999999998046,0.5499999999999803,0.5999999999999801,0.6499999999999799,0.6999999999999797,0.7499999999999796,0.7999999999999794,0.8499999999999792,0.899999999999979,0.9499999999999789,0.9999999999999787,1.0499999999999785,1.0999999999999783,1.1499999999999782,1.199999999999978,1.2499999999999778,1.2999999999999776,1.3499999999999774,1.3999999999999773,1.449999999999977,1.499999999999977,1.5499999999999767,1.5999999999999766,1.6499999999999764,1.6999999999999762,1.749999999999976,1.7999999999999758,1.8499999999999757,1.8999999999999755,1.9499999999999753,1.9999999999999751,2.049999999999975,2.0999999999999748,2.1499999999999746,2.1999999999999744,2.2499999999999742,2.299999999999974,2.349999999999974,2.3999999999999737,2.4499999999999735,2.4999999999999734,2.549999999999973,2.599999999999973,2.649999999999973,2.6999999999999726,2.7499999999999725,2.7999999999999723,2.849999999999972,2.899999999999972,2.9499999999999718,2.9999999999999716,3.0499999999999723,3.0999999999999712,3.14999999999997,3.199999999999971,3.2499999999999716,3.2999999999999705,3.3499999999999694,3.39999999999997,3.449999999999971,3.49999999999997,3.5499999999999687,3.5999999999999694,3.64999999999997,3.699999999999969,3.749999999999968,3.7999999999999687,3.8499999999999694,3.8999999999999684,3.9499999999999673,3.999999999999968,4.049999999999969,4.099999999999968,4.149999999999967,4.199999999999967,4.249999999999968,4.299999999999967,4.349999999999966,4.399999999999967,4.449999999999967,4.499999999999966,4.549999999999965,4.599999999999966,4.649999999999967,4.6999999999999655,4.7499999999999645,4.799999999999965,4.849999999999966,4.899999999999965,4.949999999999964,4.9999999999999645
0.01,0,0,0,0,0,0,0,0,0,0,0,0,0,0,0,0,0,0,0,0,0,0,0,0,0,0,0,0,0,0,0,0,0,0,0,0,0,0,0,0,0,0,0,0,0,0,0,0,0,0,0,0,0,0,0,0,0,13,141,333,346,140,22,4,0,0,0,0,0,0,0,0,0,0,0,0,0,0,0,0,0,0,0,0,0,0,0,0,0,0,0,0,0,0,0,0,0,0,0,0,0,0,0,0,0,0,0,0,0,0,0,0,0,0,0,0,0,0,0,0,0,0,0,0,0,0,0,0,0,0,0,0,0,0,1,0,0,0,0,0,0,0,0,0,0,0,0,0,0,0,0,0,0,0,0,0,0,0,0,0,0,0,0,0,0,0,0,0,0,0,0,0,0,0,0,0,0,0,0,0,0,0,0,0,0,0,0,0,0,0,0,0,0,0,0,0,0,0,0,0
0.02,0,0,0,0,0,0,0,0,0,0,0,0,0,0,0,0,0,0,0,0,0,0,0,0,0,0,0,0,0,0,0,0,0,0,0,0,0,0,0,0,0,0,0,0,0,0,0,0,0,0,0,0,0,0,0,1,7,72,161,234,269,166,72,11,3,0,0,0,0,0,0,0,0,0,0,0,0,0,0,0,0,0,0,0,0,0,0,0,0,0,0,0,0,0,0,0,0,0,0,0,0,0,0,0,0,0,0,0,0,0,0,0,0,0,0,0,0,0,0,0,0,0,0,0,0,0,0,0,0,0,0,0,0,0,1,0,2,0,1,0,0,0,0,0,0,0,0,0,0,0,0,0,0,0,0,0,0,0,0,0,0,0,0,0,0,0,0,0,0,0,0,0,0,0,0,0,0,0,0,0,0,0,0,0,0,0,0,0,0,0,0,0,0,0,0,0,0,0,0,0
0.03,0,0,0,0,0,0,0,0,0,0,0,0,0,0,0,0,0,0,0,0,0,0,0,0,0,0,0,0,0,0,0,0,0,0,0,0,0,0,0,0,0,0,0,0,0,0,0,0,0,0,0,0,0,1,1,3,23,69,154,200,241,168,85,35,18,1,0,0,0,0,0,0,0,0,0,0,0,0,0,0,0,0,0,0,0,0,0,0,0,0,0,0,0,0,0,0,0,0,0,0,0,0,0,0,0,0,0,0,0,0,0,0,0,0,0,0,0,0,0,0,0,0,0,0,0,0,0,0,0,0,0,0,0,0,0,0,1,0,0,0,0,0,0,0,0,0,0,0,0,0,0,0,0,0,0,0,0,0,0,0,0,0,0,0,0,0,0,0,0,0,0,0,0,0,0,0,0,0,0,0,0,0,0,0,0,0,0,0,0,0,0,0,0,0,0,0,0,0,0,0
0.04,0,0,0,0,0,0,0,0,0,0,0,0,0,0,0,0,0,0,0,0,0,0,0,0,0,0,0,0,0,0,0,0,0,0,0,0,0,0,0,0,0,0,0,0,0,0,0,0,0,0,0,0,0,1,1,10,29,75,146,210,203,148,107,41,21,6,1,1,0,0,0,0,0,0,0,0,0,0,0,0,0,0,0,0,0,0,0,0,0,0,0,0,0,0,0,0,0,0,0,0,0,0,0,0,0,0,0,0,0,0,0,0,0,0,0,0,0,0,0,0,0,0,0,0,0,0,0,0,0,0,0,0,0,0,0,0,0,0,0,0,0,0,0,0,0,0,0,0,0,0,0,0,0,0,0,0,0,0,0,0,0,0,0,0,0,0,0,0,0,0,0,0,0,0,0,0,0,0,0,0,0,0,0,0,0,0,0,0,0,0,0,0,0,0,0,0,0,0,0,0
0.05,0,0,0,0,0,0,0,0,0,0,0,0,0,0,0,0,0,0,0,0,0,0,0,0,0,0,0,0,0,0,0,0,0,0,0,0,0,0,0,0,0,0,0,0,0,0,0,0,0,0,0,0,0,2,3,18,42,82,141,165,196,133,98,66,28,11,10,2,1,0,0,0,0,0,0,0,0,0,0,0,0,0,0,0,0,0,0,0,0,0,0,0,0,0,0,0,0,0,0,0,0,0,0,0,0,0,0,0,0,0,0,0,0,0,0,0,0,0,0,0,0,0,0,0,0,0,0,0,0,0,0,0,0,0,1,0,0,0,0,0,0,1,0,0,0,0,0,0,0,0,0,0,0,0,0,0,0,0,0,0,0,0,0,0,0,0,0,0,0,0,0,0,0,0,0,0,0,0,0,0,0,0,0,0,0,0,0,0,0,0,0,0,0,0,0,0,0,0,0,0
0.060000000000000005,0,0,0,0,0,0,0,0,0,0,0,0,0,0,0,0,0,0,0,0,0,0,0,0,0,0,0,0,0,0,0,0,0,0,0,0,0,0,0,0,0,0,0,0,0,0,0,0,0,0,0,0,0,1,12,21,60,79,124,146,180,144,116,57,29,16,8,5,1,0,0,0,0,0,0,0,0,0,0,0,0,0,0,0,0,0,0,0,0,0,0,0,0,0,0,0,0,0,0,0,0,0,0,0,0,0,0,0,0,0,0,0,0,0,0,0,0,0,0,0,0,0,0,0,0,0,0,0,0,0,0,0,0,0,0,1,0,0,0,0,0,0,0,0,0,0,0,0,0,0,0,0,0,0,0,0,0,0,0,0,0,0,0,0,0,0,0,0,0,0,0,0,0,0,0,0,0,0,0,0,0,0,0,0,0,0,0,0,0,0,0,0,0,0,0,0,0,0,0,0
0.06999999999999999,0,0,0,0,0,0,0,0,0,0,0,0,0,0,0,0,0,0,0,0,0,0,0,0,0,0,0,0,0,0,0,0,0,0,0,0,0,0,0,0,0,0,0,0,0,0,0,0,0,0,0,0,1,5,15,39,61,77,113,143,159,137,98,70,41,23,10,3,0,1,0,0,0,0,0,0,0,0,0,0,0,0,0,1,0,0,0,0,0,0,0,0,0,0,0,0,0,0,0,0,0,0,0,0,0,0,0,0,0,0,0,0,0,0,0,0,0,0,0,0,0,0,0,0,0,0,0,0,0,1,0,0,0,1,0,0,1,0,0,0,0,0,0,0,0,0,0,0,0,0,0,0,0,0,0,0,0,0,0,0,0,0,0,0,0,0,0,0,0,0,0,0,0,0,0,0,0,0,0,0,0,0,0,0,0,0,0,0,0,0,0,0,0,0,0,0,0,0,0,0
0.08,0,0,0,0,0,0,0,0,0,0,0,0,0,0,0,0,0,0,0,0,0,0,0,0,0,0,0,0,0,0,0,0,0,0,0,0,0,0,0,0,0,0,0,0,0,0,0,0,0,0,0,0,2,4,15,32,53,96,123,158,150,113,102,66,34,29,15,5,1,2,0,0,0,0,0,0,0,0,0,0,0,0,0,0,0,0,0,0,0,0,0,0,0,0,0,0,0,0,0,0,0,0,0,0,0,0,0,0,0,0,0,0,0,0,0,0,0,0,0,0,0,0,0,0,0,0,0,0,0,0,0,0,0,0,0,0,0,0,0,0,0,0,0,0,0,0,0,0,0,0,0,0,0,0,0,0,0,0,0,0,0,0,0,0,0,0,0,0,0,0,0,0,0,0,0,0,0,0,0,0,0,0,0,0,0,0,0,0,0,0,0,0,0,0,0,0,0,0,0,0
0.09,0,0,0,0,0,0,0,0,0,0,0,0,0,0,0,0,0,0,0,0,0,0,0,0,0,0,0,0,0,0,0,0,0,0,0,0,0,0,0,0,0,0,0,0,0,0,0,0,0,1,0,0,2,12,22,49,51,81,129,135,123,120,96,83,46,25,16,4,1,2,1,1,0,0,0,0,0,0,0,0,0,0,0,0,0,0,0,0,0,0,0,0,0,0,0,0,0,0,0,0,0,0,0,0,0,0,0,0,0,0,0,0,0,0,0,0,0,0,0,0,0,0,0,0,0,0,0,0,0,0,0,0,0,0,0,0,0,0,0,0,0,0,0,0,0,0,0,0,0,0,0,0,0,0,0,0,0,0,0,0,0,0,0,0,0,0,0,0,0,0,0,0,0,0,0,0,0,0,0,0,0,0,0,0,0,0,0,0,0,0,0,0,0,0,0,0,0,0,0,0
0.09999999999999999,0,0,0,0,0,0,0,0,0,0,0,0,0,0,0,0,0,0,0,0,0,0,0,0,0,0,0,0,0,0,0,0,0,0,0,0,0,0,0,0,0,0,0,0,0,0,0,0,0,1,0,1,4,17,22,41,68,81,114,148,124,104,85,61,54,32,20,11,7,4,1,0,0,0,0,0,0,0,0,0,0,0,0,0,0,0,0,0,0,0,0,0,0,0,0,0,0,0,0,0,0,0,0,0,0,0,0,0,0,0,0,0,0,0,0,0,0,0,0,0,0,0,0,0,0,0,0,0,0,0,0,0,0,0,0,0,0,0,0,0,0,0,0,0,0,0,0,0,0,0,0,0,0,0,0,0,0,0,0,0,0,0,0,0,0,0,0,0,0,0,0,0,0,0,0,0,0,0,0,0,0,0,0,0,0,0,0,0,0,0,0,0,0,0,0,0,0,0,0,0
0.11,0,0,0,0,0,0,0,0,0,0,0,0,0,0,0,0,0,0,0,0,0,0,0,0,0,0,0,0,0,0,0,0,0,0,0,0,0,0,0,0,0,0,0,0,0,0,0,0,0,1,0,1,5,9,26,48,64,76,114,114,130,107,96,67,57,36,22,8,12,1,4,1,0,0,0,0,0,0,0,0,0,0,0,0,0,0,0,0,0,0,0,0,0,0,0,0,0,0,0,0,0,0,0,0,0,0,0,0,0,0,0,0,0,0,0,0,0,0,0,0,0,0,0,0,0,0,0,0,0,0,0,0,0,0,1,0,0,0,0,0,0,0,0,0,0,0,0,0,0,0,0,0,0,0,0,0,0,0,0,0,0,0,0,0,0,0,0,0,0,0,0,0,0,0,0,0,0,0,0,0,0,0,0,0,0,0,0,0,0,0,0,0,0,0,0,0,0,0,0,0
0.12,0,0,0,0,0,0,0,0,0,0,0,0,0,0,0,0,0,0,0,0,0,0,0,0,0,0,0,0,0,0,0,0,0,0,0,0,0,0,0,0,0,0,0,0,0,0,0,0,0,0,0,5,6,16,27,32,60,81,114,111,115,104,97,70,57,40,22,19,11,5,6,0,0,0,0,0,0,0,0,0,0,0,0,0,0,0,1,0,0,0,0,0,0,0,0,0,0,0,0,0,0,0,0,0,0,0,0,0,0,0,0,0,0,0,0,0,0,0,0,0,0,0,0,0,0,0,0,0,0,0,0,0,0,0,0,0,0,0,0,0,0,1,0,0,0,0,0,0,0,0,0,0,0,0,0,0,0,0,0,0,0,0,0,0,0,0,0,0,0,0,0,0,0,0,0,0,0,0,0,0,0,0,0,0,0,0,0,0,0,0,0,0,0,0,0,0,0,0,0,0
0.13,0,0,0,0,0,0,0,0,0,0,0,0,0,0,0,0,0,0,0,0,0,0,0,0,0,0,0,0,0,0,0,0,0,0,0,0,0,0,0,0,0,0,0,0,0,0,0,0,0,2,1,4,8,9,24,57,68,76,103,100,101,105,90,79,46,49,23,18,11,11,3,4,4,1,0,0,0,0,0,0,0,0,0,0,0,0,0,0,0,0,0,0,0,0,0,0,0,0,0,0,0,0,0,0,0,0,0,0,0,0,0,0,0,0,0,0,0,0,0,1,0,0,0,0,0,0,0,0,0,0,0,0,0,0,0,0,1,0,0,0,0,0,0,0,1,0,0,0,0,0,0,0,0,0,0,0,0,0,0,0,0,0,0,0,0,0,0,0,0,0,0,0,0,0,0,0,0,0,0,0,0,0,0,0,0,0,0,0,0,0,0,0,0,0,0,0,0,0,0,0
0.14,0,0,0,0,0,0,0,0,0,0,0,0,0,0,0,0,0,0,0,0,0,0,0,0,0,0,0,0,0,0,0,0,0,0,0,0,0,0,0,0,0,0,0,0,0,0,0,0,0,1,0,4,10,19,30,42,51,85,91,122,99,96,83,72,63,41,34,22,14,10,5,2,2,0,1,0,0,0,0,0,0,0,0,0,0,0,0,0,0,0,0,0,0,0,0,0,0,0,0,0,0,0,0,0,0,0,0,0,0,0,0,0,0,0,0,0,0,0,0,0,0,0,0,0,0,0,0,0,0,0,0,0,0,0,1,0,0,0,0,0,0,0,0,0,0,0,0,0,0,0,0,0,0,0,0,0,0,0,0,0,0,0,0,0,0,0,0,0,0,0,0,0,0,0,0,0,0,0,0,0,0,0,0,0,0,0,0,0,0,0,0,0,0,0,0,0,0,0,0,0
0.15000000000000002,0,0,0,0,0,0,0,0,0,0,0,0,0,0,0,0,0,0,0,0,0,0,0,0,0,0,0,0,0,0,0,0,0,0,0,0,0,0,0,0,0,0,0,0,0,0,0,0,0,1,1,2,13,20,43,40,58,73,106,99,80,110,100,63,68,39,23,25,12,6,7,6,1,1,0,1,0,1,0,0,0,0,0,0,0,0,0,0,0,0,0,0,0,0,0,0,0,0,0,0,0,0,0,0,0,0,0,0,0,0,0,0,0,0,0,0,0,0,0,0,0,0,0,0,0,0,0,0,0,0,0,0,0,0,1,0,0,0,0,0,0,0,0,0,0,0,0,0,0,0,0,0,0,0,0,0,0,0,0,0,0,0,0,0,0,0,0,0,0,0,0,0,0,0,0,0,0,0,0,0,0,0,0,0,0,0,0,0,0,0,0,0,0,0,0,0,0,0,0,0
0.16,0,0,0,0,0,0,0,0,0,0,0,0,0,0,0,0,0,0,0,0,0,0,0,0,0,0,0,0,0,0,0,0,0,0,0,0,0,0,0,0,0,0,0,0,0,0,0,0,1,1,2,5,9,23,23,39,68,65,84,99,105,95,87,77,62,49,31,30,19,12,4,5,2,1,0,0,1,1,0,0,0,0,0,0,0,0,0,0,0,0,0,0,0,0,0,0,0,0,0,0,0,0,0,0,0,0,0,0,0,0,0,0,0,0,0,0,0,0,0,0,0,0,0,0,0,0,0,0,0,0,0,0,0,0,0,0,0,0,0,0,0,0,0,0,0,0,0,0,0,0,0,0,0,0,0,0,0,0,0,0,0,0,0,0,0,0,0,0,0,0,0,0,0,0,0,0,0,0,0,0,0,0,0,0,0,0,0,0,0,0,0,0,0,0,0,0,0,0,0,0
0.17,0,0,0,0,0,0,0,0,0,0,0,0,0,0,0,0,0,0,0,0,0,0,0,0,0,0,0,0,0,0,0,0,0,0,0,0,0,0,0,0,0,0,0,0,0,0,0,0,0,5,3,5,13,25,37,53,63,80,84,78,124,81,79,66,66,43,31,15,17,9,10,3,2,3,1,2,1,0,0,0,0,0,0,0,0,0,0,0,0,0,0,0,0,0,0,0,0,0,0,0,0,0,0,0,0,0,0,0,0,0,0,0,0,0,0,0,0,0,0,0,0,0,0,0,0,0,0,0,0,0,0,0,0,0,0,0,0,0,0,1,0,0,0,0,0,0,0,0,0,0,0,0,0,0,0,0,0,0,0,0,0,0,0,0,0,0,0,0,0,0,0,0,0,0,0,0,0,0,0,0,0,0,0,0,0,0,0,0,0,0,0,0,0,0,0,0,0,0,0,0
0.18000000000000002,0,0,0,0,0,0,0,0,0,0,0,0,0,0,0,0,0,0,0,0,0,0,0,0,0,0,0,0,0,0,0,0,0,0,0,0,0,0,0,0,0,0,0,0,0,0,0,0,0,0,3,4,5,24,34,51,67,70,88,82,116,87,80,58,66,40,41,29,17,15,7,4,3,5,1,2,0,1,0,0,0,0,0,0,0,0,0,0,0,0,0,0,0,0,0,0,0,0,0,0,0,0,0,0,0,0,0,0,0,0,0,0,0,0,0,0,0,0,0,0,0,0,0,0,0,0,0,0,0,0,0,0,0,0,0,0,0,0,0,0,0,0,0,0,0,0,0,0,0,0,0,0,0,0,0,0,0,0,0,0,0,0,0,0,0,0,0,0,0,0,0,0,0,0,0,0,0,0,0,0,0,0,0,0,0,0,0,0,0,0,0,0,0,0,0,0,0,0,0,0
0.19,0,0,0,0,0,0,0,0,0,0,0,0,0,0,0,0,0,0,0,0,0,0,0,0,0,0,0,0,0,0,0,0,0,0,0,0,0,0,0,0,0,0,0,0,0,0,0,0,0,0,4,6,15,22,38,37,61,81,94,86,86,91,92,60,55,56,33,20,21,12,9,4,7,3,3,0,1,0,0,0,0,0,0,0,0,0,0,0,0,0,0,0,0,0,0,0,0,0,0,0,0,0,0,0,0,0,0,0,0,0,0,0,0,0,0,0,0,0,0,0,0,0,0,0,0,0,0,0,0,0,0,0,0,0,0,0,0,3,0,0,0,0,0,0,0,0,0,0,0,0,0,0,0,0,0,0,0,0,0,0,0,0,0,0,0,0,0,0,0,0,0,0,0,0,0,0,0,0,0,0,0,0,0,0,0,0,0,0,0,0,0,0,0,0,0,0,0,0,0,0
0.2,0,0,0,0,0,0,0,0,0,0,0,0,0,0,0,0,0,0,0,0,0,0,0,0,0,0,0,0,0,0,0,0,0,0,0,0,0,0,0,0,0,0,0,0,0,0,1,1,1,4,1,11,13,22,43,41,64,86,91,87,86,81,64,69,59,51,42,23,14,9,15,7,6,2,3,0,0,1,1,0,0,1,0,0,0,0,0,0,0,0,0,0,0,0,0,0,0,0,0,0,0,0,0,0,0,0,0,0,0,0,0,0,0,0,0,0,0,0,0,0,0,0,0,0,0,0,0,0,0,0,0,0,0,0,0,0,0,0,0,0,0,0,0,0,0,0,0,0,0,0,0,0,0,0,0,0,0,0,0,0,0,0,0,0,0,0,0,0,0,0,0,0,0,0,0,0,0,0,0,0,0,0,0,0,0,0,0,0,0,0,0,0,0,0,0,0,0,0,0,0
0.21000000000000002,0,0,0,0,0,0,0,0,0,0,0,0,0,0,0,0,0,0,0,0,0,0,0,0,0,0,0,0,0,0,0,0,0,0,0,0,0,0,0,0,0,0,0,0,0,0,0,0,2,4,1,15,21,27,32,41,73,76,86,92,100,89,75,62,48,34,28,26,19,11,10,5,6,5,1,3,1,3,0,0,0,0,0,0,0,0,0,0,0,0,0,0,0,0,0,0,0,0,0,1,0,0,0,0,0,0,0,0,0,0,0,0,0,0,0,0,0,0,0,0,0,0,0,0,0,0,0,0,0,0,0,0,1,0,0,1,0,0,1,0,0,0,0,0,0,0,0,0,0,0,0,0,0,0,0,0,0,0,0,0,0,0,0,0,0,0,0,0,0,0,0,0,0,0,0,0,0,0,0,0,0,0,0,0,0,0,0,0,0,0,0,0,0,0,0,0,0,0,0,0
0.22,0,0,0,0,0,0,0,0,0,0,0,0,0,0,0,0,0,0,0,0,0,0,0,0,0,0,0,0,0,0,0,0,0,0,0,0,0,0,0,0,0,0,0,0,0,0,0,1,0,3,7,9,13,26,36,55,61,78,74,79,89,74,72,75,53,46,36,31,31,10,8,10,4,3,6,4,3,0,0,1,0,0,0,0,0,0,0,0,0,0,0,0,0,0,0,0,0,0,0,0,0,0,0,0,0,0,0,0,0,0,0,0,0,0,0,0,0,0,0,0,0,0,0,0,0,0,0,0,0,0,0,0,1,0,0,0,0,0,1,0,0,0,0,0,0,0,0,0,0,0,0,0,0,0,0,0,0,0,0,0,0,0,0,0,0,0,0,0,0,0,0,0,0,0,0,0,0,0,0,0,0,0,0,0,0,0,0,0,0,0,0,0,0,0,0,0,0,0,0,0
0.23,0,0,0,0,0,0,0,0,0,0,0,0,0,0,0,0,0,0,0,0,0,0,0,0,0,0,0,0,0,0,0,0,0,0,0,0,0,0,0,0,0,0,0,1,0,1,1,2,1,3,3,11,16,34,43,55,48,66,89,89,85,74,51,66,56,46,30,32,23,22,17,9,8,2,3,3,1,0,1,4,0,1,0,0,0,0,0,0,0,0,0,0,0,0,0,0,0,0,0,0,0,0,0,0,0,0,0,0,0,0,0,0,0,0,0,0,0,0,0,0,0,0,0,0,0,0,1,0,0,0,0,0,0,0,0,0,1,0,1,0,0,0,0,0,0,0,0,0,0,0,0,0,0,0,0,0,0,0,0,0,0,0,0,0,0,0,0,0,0,0,0,0,0,0,0,0,0,0,0,0,0,0,0,0,0,0,0,0,0,0,0,0,0,0,0,0,0,0,0,0
0.24000000000000002,0,0,0,0,0,0,0,0,0,0,0,0,0,0,0,0,0,0,0,0,0,0,0,0,0,0,0,0,0,0,0,0,0,0,0,0,0,0,0,0,0,0,0,0,1,0,1,2,2,5,7,13,8,34,37,42,55,77,72,80,79,76,69,69,56,38,35,33,17,21,11,12,12,8,4,3,3,1,0,2,0,0,0,0,0,0,0,0,0,0,0,0,0,0,0,0,0,0,0,0,0,0,0,0,0,0,0,0,0,0,0,1,0,0,0,0,0,0,0,0,0,0,0,0,0,0,0,0,0,2,1,0,1,1,0,1,0,2,1,0,2,1,0,1,0,0,0,0,0,1,0,0,0,0,0,0,0,0,0,0,0,0,0,0,0,0,0,0,0,0,0,0,0,0,0,0,0,0,0,0,0,0,0,0,0,0,0,0,0,0,0,0,0,0,0,0,0,0,0,0
0.25,0,0,0,0,0,0,0,0,0,0,0,0,0,0,0,0,0,0,0,0,0,0,0,0,0,0,0,0,0,0,0,0,0,0,0,0,0,0,0,0,0,0,0,0,0,0,1,2,4,3,4,15,12,25,31,51,59,65,81,83,78,60,76,46,56,45,40,37,31,25,12,15,12,4,5,4,1,2,1,0,0,0,0,0,0,2,0,0,0,0,0,0,0,0,0,0,0,0,0,0,0,0,0,0,0,0,0,0,0,0,0,0,0,0,0,0,0,0,0,0,0,0,0,0,0,0,0,0,0,0,2,0,1,0,1,1,1,0,1,0,2,2,1,0,0,0,0,0,0,0,0,0,0,0,0,0,0,0,0,0,0,0,0,0,0,0,0,0,0,0,0,0,0,0,0,0,0,0,0,0,0,0,0,0,0,0,0,0,0,0,0,0,0,0,0,0,0,0,0,0
0.26,0,0,0,0,0,0,0,0,0,0,0,0,0,0,0,0,0,0,0,0,0,0,0,0,0,0,0,0,0,0,0,0,0,0,0,0,0,0,0,0,0,0,0,0,0,0,1,3,3,3,6,15,24,26,46,54,54,52,67,75,86,74,84,60,49,37,37,37,25,27,8,5,7,7,6,3,1,3,0,0,1,1,1,1,0,1,0,0,0,0,0,0,0,0,0,0,0,0,0,0,0,1,0,0,0,0,0,1,0,0,0,0,0,0,0,0,0,0,0,0,0,0,0,0,0,1,0,1,0,0,0,1,0,2,1,0,1,0,0,0,0,1,0,0,0,0,0,0,0,0,0,0,0,0,0,0,0,0,0,0,0,0,0,0,0,0,0,0,0,0,0,0,0,0,0,0,0,0,0,0,0,0,0,0,0,0,0,0,0,0,0,0,0,0,0,0,0,0,0,0
0.27,0,0,0,0,0,0,0,0,0,0,0,0,0,0,0,0,0,0,0,0,0,0,0,0,0,0,0,0,0,0,0,0,0,0,0,0,0,0,0,0,0,0,0,0,0,0,1,2,2,6,9,11,26,25,29,45,58,86,72,73,69,75,64,37,62,48,33,34,19,30,26,13,6,8,1,6,2,4,0,2,1,1,0,1,1,0,0,0,0,0,0,0,0,0,0,0,0,0,0,0,0,0,0,0,0,0,0,0,0,0,0,0,0,0,0,0,0,0,0,0,0,0,0,0,0,0,0,0,1,1,0,1,1,0,1,0,2,2,1,0,0,0,0,2,0,0,0,0,0,0,0,0,0,0,0,0,0,0,0,0,0,0,0,0,0,0,0,0,0,0,0,0,0,0,0,0,0,0,0,0,0,0,0,0,0,0,0,0,0,0,0,0,0,0,0,0,0,0,0,0
0.28,0,0,0,0,0,0,0,0,0,0,0,0,0,0,0,0,0,0,0,0,0,0,0,0,0,0,0,0,0,0,0,0,0,0,0,0,0,0,0,0,0,0,0,0,0,0,0,2,3,7,12,14,23,20,41,59,56,61,83,67,71,58,63,60,57,42,40,33,31,19,13,14,7,4,13,4,1,1,3,0,1,0,2,1,0,0,0,0,0,1,0,0,0,0,0,0,0,0,0,0,0,0,0,0,0,0,0,0,0,0,0,0,0,0,0,0,0,1,0,1,0,0,0,0,0,0,0,0,0,0,0,0,0,1,0,1,0,1,2,3,0,1,1,1,0,0,0,0,0,0,0,0,0,0,0,0,0,0,0,0,0,0,0,0,0,0,0,0,0,0,0,0,0,0,0,0,0,0,0,0,0,0,0,0,0,0,0,0,0,0,0,0,0,0,0,0,0,0,0,0
0.29000000000000004,0,0,0,0,0,0,0,0,0,0,0,0,0,0,0,0,0,0,0,0,0,0,0,0,0,0,0,0,0,0,0,0,0,0,0,0,0,0,0,0,0,0,0,0,0,0,0,1,2,4,8,15,16,34,45,51,57,61,70,56,76,71,54,65,60,41,31,36,27,19,13,15,13,7,6,7,3,1,1,1,1,1,2,0,1,1,1,0,1,0,0,0,0,0,0,0,0,0,0,0,0,0,0,0,0,0,0,0,0,0,0,0,0,0,0,0,0,0,0,0,0,0,0,0,0,1,1,1,0,1,1,0,1,0,2,3,0,2,2,1,0,1,0,3,2,2,0,0,0,0,0,1,0,0,0,0,0,0,0,0,0,0,0,0,0,0,0,0,0,0,0,0,0,0,0,0,0,0,0,0,0,0,0,0,0,0,0,0,0,0,0,0,0,0,0,0,0,0,0,0
0.3,0,0,0,0,0,0,0,0,0,0,0,0,0,0,0,0,0,0,0,0,0,0,0,0,0,0,0,0,0,0,0,0,0,0,0,0,0,0,0,0,0,0,0,0,0,1,1,1,2,2,12,23,15,27,30,54,59,63,69,63,76,76,72,50,47,40,45,26,28,24,17,15,11,6,2,7,1,6,1,4,3,0,5,0,1,1,0,0,0,1,0,0,0,0,0,0,0,0,0,0,0,0,0,0,0,0,2,0,0,0,0,0,0,0,0,0,0,0,0,0,0,0,0,0,0,0,0,1,0,0,1,0,0,0,1,0,0,2,0,0,1,2,2,0,1,0,0,0,0,0,0,0,0,0,0,0,0,0,0,0,0,0,0,0,0,0,0,0,0,0,0,0,0,0,0,0,0,0,0,0,0,0,0,0,0,0,0,0,0,0,0,0,0,0,0,0,0,0,0,0
0.31,0,0,0,0,0,0,0,0,0,0,0,0,0,0,0,0,0,0,0,0,0,0,0,0,0,0,0,0,0,0,0,0,0,0,0,0,0,0,0,0,0,0,0,0,0,1,0,3,4,8,11,15,20,37,29,43,53,53,59,57,56,84,77,73,57,37,29,36,29,12,18,12,13,17,9,6,6,1,0,1,0,0,2,0,1,0,0,0,0,0,0,0,0,0,0,0,0,0,0,0,0,0,0,0,0,0,0,0,0,0,0,0,0,0,0,0,0,0,0,0,0,0,1,1,0,1,0,1,4,2,0,1,4,2,0,1,0,3,2,1,1,2,1,1,0,1,0,1,0,0,0,0,0,0,0,0,0,0,0,0,0,0,0,0,0,0,0,0,0,0,0,0,0,0,0,0,0,0,0,0,0,0,0,0,0,0,0,0,0,0,0,0,0,0,0,0,0,0,0,0
0.32,0,0,0,0,0,0,0,0,0,0,0,0,0,0,0,0,0,0,0,0,0,0,0,0,0,0,0,0,0,0,0,0,0,0,0,0,0,0,0,0,0,0,0,0,0,1,3,1,3,3,15,11,22,34,37,43,49,65,62,74,66,55,67,50,50,38,44,37,24,24,23,17,7,11,11,3,2,2,1,0,1,1,0,0,0,1,1,1,0,0,0,0,0,0,0,1,0,0,0,0,0,0,0,0,0,0,1,0,0,0,1,0,0,0,0,0,1,0,0,0,0,0,1,0,1,0,2,0,1,2,0,1,5,3,1,4,2,1,1,3,2,1,1,0,3,0,1,0,0,0,0,0,0,0,0,0,0,0,0,0,0,0,0,0,0,0,0,0,0,0,0,0,0,0,0,0,0,0,0,0,0,0,0,0,0,0,0,0,0,0,0,0,0,0,0,0,0,0,0,0
0.33,0,0,0,0,0,0,0,0,0,0,0,0,0,0,0,0,0,0,0,0,0,0,0,0,0,0,0,0,0,0,0,0,0,0,0,0,0,0,0,0,0,0,0,0,0,0,1,1,3,4,8,10,22,27,42,43,61,60,68,60,89,59,73,46,56,42,38,40,21,15,21,10,7,13,7,3,3,6,2,4,2,1,0,1,0,1,0,0,0,0,0,0,0,0,0,0,0,0,0,0,0,0,0,0,0,0,0,0,0,0,0,0,0,0,0,1,0,0,0,0,0,0,0,2,0,0,0,0,0,1,1,1,1,2,1,1,1,3,3,5,2,0,1,1,0,1,1,0,0,1,0,0,0,0,0,0,0,0,0,0,0,0,0,0,0,0,0,0,0,0,0,0,0,0,0,0,0,0,0,0,0,0,0,0,0,0,0,0,0,0,0,0,0,0,0,0,0,0,0,0
0.34,0,0,0,0,0,0,0,0,0,0,0,0,0,0,0,0,0,0,0,0,0,0,0,0,0,0,0,0,0,0,0,0,0,0,0,0,0,0,0,0,0,0,0,0,0,1,0,2,4,9,8,21,15,31,38,37,50,66,63,63,69,61,57,40,49,53,40,32,26,18,21,7,15,10,7,2,8,2,4,1,2,2,1,1,0,2,0,0,0,1,1,0,0,0,0,0,0,0,0,0,0,0,1,0,0,0,1,0,0,0,1,0,0,0,0,0,0,1,1,1,0,0,0,0,1,2,1,3,3,4,2,3,3,4,0,1,6,4,4,0,2,1,2,2,0,1,4,1,0,0,0,0,0,0,0,0,0,0,0,0,0,0,0,0,0,0,0,0,0,0,0,0,0,0,0,0,0,0,0,0,0,0,0,0,0,0,0,0,0,0,0,0,0,0,0,0,0,0,0,0
0.35000000000000003,0,0,0,0,0,0,0,0,0,0,0,0,0,0,0,0,0,0,0,0,0,0,0,0,0,0,0,0,0,0,0,0,0,0,0,0,0,0,0,0,0,0,0,0,0,1,0,2,4,12,9,21,15,31,46,48,53,60,58,55,64,59,54,70,59,43,22,26,26,19,24,15,10,6,14,6,3,7,6,1,1,3,1,0,0,1,0,0,1,0,0,0,0,1,0,0,0,0,0,0,0,0,0,0,0,1,0,0,0,0,0,0,0,0,1,0,0,0,0,1,0,0,1,1,0,0,0,1,3,1,2,0,4,2,2,1,1,3,2,1,4,1,1,1,2,0,3,2,1,0,0,0,0,0,0,0,0,0,0,0,0,0,0,0,0,0,0,0,0,0,0,0,0,0,0,0,0,0,0,0,0,0,0,0,0,0,0,0,0,0,0,0,0,0,0,0,0,0,0,0
0.36000000000000004,0,0,0,0,0,0,0,0,0,0,0,0,0,0,0,0,0,0,0,0,0,0,0,0,0,0,0,0,0,0,0,0,0,0,0,0,0,0,0,0,0,0,0,1,0,1,2,1,6,4,9,13,20,42,32,39,51,48,59,47,61,56,54,45,50,49,47,34,26,27,13,10,10,22,9,13,4,4,1,2,3,0,3,0,2,2,2,3,1,0,0,0,0,1,1,0,0,0,0,1,0,0,0,0,0,0,1,1,0,0,0,0,1,0,0,0,2,0,1,0,0,2,1,3,2,0,2,3,1,1,3,2,3,3,5,7,3,3,2,3,3,3,1,0,1,1,2,1,0,0,1,0,0,1,0,0,0,0,0,0,0,0,0,0,0,0,0,0,0,0,0,0,0,0,0,0,0,0,0,0,0,0,0,0,0,0,0,0,0,0,0,0,0,0,0,0,0,0,0,0
0.37,0,0,0,0,0,0,0,0,0,0,0,0,0,0,0,0,0,0,0,0,0,0,0,0,0,0,0,0,0,0,0,0,0,0,0,0,0,0,0,0,0,0,0,1,0,2,5,2,3,10,8,18,22,24,30,48,48,53,49,48,56,56,72,41,41,39,33,33,30,29,22,14,17,9,8,7,5,5,3,2,5,0,1,1,0,2,0,0,1,0,0,0,0,0,1,0,0,0,1,0,0,0,1,0,0,1,0,0,0,0,0,1,0,0,0,1,0,0,1,0,0,1,0,1,0,1,0,1,4,3,4,6,3,5,4,2,7,7,5,6,4,6,2,3,2,3,2,4,2,1,0,1,0,0,0,0,0,0,0,0,0,0,0,0,0,0,0,0,0,0,0,0,0,0,0,0,0,0,0,0,0,0,0,0,0,0,0,0,0,0,0,0,0,0,0,0,0,0,0,0
0.38,0,0,0,0,0,0,0,0,0,0,0,0,0,0,0,0,0,0,0,0,0,0,0,0,0,0,0,0,0,0,0,0,0,0,0,0,0,0,0,0,0,0,0,0,0,4,6,3,9,6,11,15,18,23,23,41,46,51,67,56,54,66,64,39,54,44,38,23,20,31,22,19,14,11,4,7,7,3,2,1,0,2,1,0,1,0,0,2,0,0,0,0,0,0,1,0,0,0,0,0,0,0,0,0,0,0,0,0,0,0,0,0,1,0,1,0,0,1,0,0,1,0,1,1,0,1,5,0,0,4,2,3,2,2,5,4,5,3,12,9,3,7,4,2,3,4,2,0,2,1,0,0,0,0,0,0,0,0,0,0,0,0,0,0,0,0,0,0,0,0,0,0,0,0,0,0,0,0,0,0,0,0,0,0,0,0,0,0,0,0,0,0,0,0,0,0,0,0,0,0
0.39,0,0,0,0,0,0,0,0,0,0,0,0,0,0,0,0,0,0,0,0,0,0,0,0,0,0,0,0,0,0,0,0,0,0,0,0,0,0,0,0,0,0,0,1,0,0,1,4,4,6,10,18,24,29,31,40,47,50,53,59,53,56,57,48,44,47,39,34,31,31,24,12,13,14,11,7,7,3,4,1,0,3,0,1,0,1,1,1,1,0,0,0,0,0,0,0,0,0,1,0,0,0,0,0,0,0,1,0,0,0,0,1,0,1,0,0,0,1,0,0,0,0,1,0,0,1,1,0,1,5,2,2,2,5,1,6,9,2,5,3,5,2,4,5,3,4,3,1,0,0,0,1,0,0,0,0,0,0,0,0,0,0,0,0,0,0,0,0,0,0,0,0,0,0,0,0,0,0,0,0,0,0,0,0,0,0,0,0,0,0,0,0,0,0,0,0,0,0,0,0
0.4,0,0,0,0,0,0,0,0,0,0,0,0,0,0,0,0,0,0,0,0,0,0,0,0,0,0,0,0,0,0,0,0,0,0,0,0,0,0,0,0,0,0,0,0,0,0,0,3,3,5,8,14,25,27,30,48,54,57,55,49,62,60,45,46,58,40,37,44,21,19,16,15,18,12,11,2,9,4,4,2,0,2,3,1,3,0,0,0,0,1,0,1,0,1,0,0,1,0,0,0,0,0,0,0,0,0,0,0,0,1,2,0,0,0,0,1,1,0,1,0,0,0,0,2,0,0,1,2,1,5,5,9,4,4,1,6,5,5,5,5,1,7,4,0,2,1,1,1,0,0,1,0,0,0,0,0,0,0,0,0,0,0,0,0,0,0,0,0,0,0,0,0,0,0,0,0,0,0,0,0,0,0,0,0,0,0,0,0,0,0,0,0,0,0,0,0,0,0,0,0
0.41000000000000003,0,0,0,0,0,0,0,0,0,0,0,0,0,0,0,0,0,0,0,0,0,0,0,0,0,0,0,0,0,0,0,0,0,0,0,0,0,0,0,0,0,0,0,0,0,2,3,5,2,10,11,14,12,23,41,39,50,50,48,66,55,44,49,47,56,27,38,39,21,20,22,17,11,7,7,6,12,7,2,7,2,2,2,0,2,1,0,0,0,0,1,0,0,0,0,0,0,0,1,1,0,0,0,0,0,0,0,0,0,0,0,1,0,2,2,0,1,0,0,2,1,2,2,0,1,3,0,2,2,4,3,5,4,5,16,5,4,5,2,4,6,7,7,8,3,4,1,1,1,2,0,0,0,0,0,0,0,0,0,0,0,0,0,0,0,0,0,0,0,0,0,0,0,0,0,0,0,0,0,0,0,0,0,0,0,0,0,0,0,0,0,0,0,0,0,0,0,0,0,0
0.42000000000000004,0,0,0,0,0,0,0,0,0,0,0,0,0,0,0,0,0,0,0,0,0,0,0,0,0,0,0,0,0,0,0,0,0,0,0,0,0,0,0,0,0,0,0,1,1,3,3,2,2,6,14,21,18,26,32,41,35,39,49,64,44,51,47,54,30,40,37,38,38,17,24,6,7,13,12,9,5,6,3,4,2,4,1,1,1,1,2,2,1,1,0,0,1,0,1,1,0,0,0,1,0,0,0,0,1,1,1,0,0,1,0,0,0,0,0,1,2,1,1,0,0,1,1,1,2,2,5,3,2,2,2,8,4,8,7,5,5,9,6,6,7,9,9,6,4,2,4,1,4,1,0,1,2,0,0,0,0,0,0,0,0,0,0,0,0,0,0,0,0,0,0,0,0,0,0,0,0,0,0,0,0,0,0,0,0,0,0,0,0,0,0,0,0,0,0,0,0,0,0,0
0.43,0,0,0,0,0,0,0,0,0,0,0,0,0,0,0,0,0,0,0,0,0,0,0,0,0,0,0,0,0,0,0,0,0,0,0,0,0,0,0,0,0,0,0,0,1,2,0,2,9,10,16,10,16,22,24,38,48,44,48,47,56,50,54,42,47,37,21,28,21,21,19,9,11,21,5,9,9,6,5,5,5,3,2,2,1,0,3,0,0,2,0,0,0,2,0,1,1,0,1,0,0,0,0,0,0,0,0,0,0,1,0,0,0,0,1,3,1,1,2,2,0,2,5,1,5,6,2,6,5,4,5,4,2,7,10,8,10,7,9,8,7,6,8,6,8,3,4,2,1,2,0,0,0,0,0,0,0,0,0,0,0,0,0,0,0,0,0,0,0,0,0,0,0,0,0,0,0,0,0,0,0,0,0,0,0,0,0,0,0,0,0,0,0,0,0,0,0,0,0,0
0.44,0,0,0,0,0,0,0,0,0,0,0,0,0,0,0,0,0,0,0,0,0,0,0,0,0,0,0,0,0,0,0,0,0,0,0,0,0,0,0,0,0,0,0,0,1,3,2,4,10,7,13,20,17,25,31,34,30,43,41,55,47,37,33,51,47,40,28,35,22,25,23,21,14,14,18,6,4,6,6,2,2,2,4,3,0,2,1,2,0,0,2,0,1,1,0,1,0,1,0,0,1,0,0,0,2,2,1,1,0,0,1,1,2,0,1,0,3,0,2,0,3,0,0,2,3,3,2,5,6,1,8,8,6,6,11,10,7,4,8,12,8,8,3,7,3,2,6,3,0,1,0,0,0,0,0,0,0,0,0,0,0,0,0,0,0,0,0,0,0,0,0,0,0,0,0,0,0,0,0,0,0,0,0,0,0,0,0,0,0,0,0,0,0,0,0,0,0,0,0,0
0.45,0,0,0,0,0,0,0,0,0,0,0,0,0,0,0,0,0,0,0,0,0,0,0,0,0,0,0,0,0,0,0,0,0,0,0,0,0,0,0,0,0,0,0,1,1,0,1,4,6,8,16,6,18,27,27,36,42,40,45,45,55,59,45,51,27,31,33,31,25,27,18,25,16,12,8,6,6,7,2,5,5,3,2,0,2,2,1,0,1,0,0,0,1,1,0,1,2,0,1,1,0,1,0,0,0,0,0,0,0,0,0,1,0,1,1,1,0,1,0,1,5,1,1,3,2,2,5,2,4,6,3,6,3,10,7,7,6,11,13,11,7,7,6,5,5,4,6,2,2,2,1,1,1,0,0,0,1,0,0,0,0,0,0,0,0,0,0,0,0,0,0,0,0,0,0,0,0,0,0,0,0,0,0,0,0,0,0,0,0,0,0,0,0,0,0,0,0,0,0,0
0.46,0,0,0,0,0,0,0,0,0,0,0,0,0,0,0,0,0,0,0,0,0,0,0,0,0,0,0,0,0,0,0,0,0,0,0,0,0,0,0,0,0,0,0,0,0,3,3,3,7,11,19,10,17,25,36,30,40,23,41,36,42,38,33,39,36,32,28,21,29,19,23,16,16,14,9,9,11,4,5,5,4,2,3,1,3,0,2,3,1,0,0,1,0,1,1,0,0,1,0,1,1,0,0,1,0,1,1,0,2,2,0,0,1,2,0,2,1,1,1,2,0,3,1,3,4,5,6,4,1,7,12,4,8,12,8,9,14,9,12,12,10,10,13,13,9,12,10,5,3,1,0,2,1,1,0,1,0,0,0,0,0,0,0,0,0,0,0,0,0,0,0,0,0,0,0,0,0,0,0,0,0,0,0,0,0,0,0,0,0,0,0,0,0,0,0,0,0,0,0,0
0.47000000000000003,0,0,0,0,0,0,0,0,0,0,0,0,0,0,0,0,0,0,0,0,0,0,0,0,0,0,0,0,0,0,0,0,0,0,0,0,0,0,0,0,0,0,0,0,0,2,2,3,5,8,10,20,19,25,30,34,32,40,53,67,47,33,46,43,39,29,26,39,21,18,26,17,18,14,5,9,10,7,3,5,5,1,1,3,1,1,1,2,1,2,3,1,1,0,0,0,1,0,0,0,0,1,1,1,0,0,2,1,0,1,0,1,0,1,1,0,1,0,0,2,1,1,2,1,2,1,1,8,5,8,8,4,4,10,10,9,6,11,5,9,4,9,9,12,3,3,3,2,3,3,1,0,0,0,0,0,0,0,0,0,0,0,0,0,0,0,0,0,0,0,0,0,0,0,0,0,0,0,0,0,0,0,0,0,0,0,0,0,0,0,0,0,0,0,0,0,0,0,0,0
0.48000000000000004,0,0,0,0,0,0,0,0,0,0,0,0,0,0,0,0,0,0,0,0,0,0,0,0,0,0,0,0,0,0,0,0,0,0,0,0,0,0,0,0,0,0,0,0,0,2,2,5,6,9,12,16,15,38,19,22,36,32,41,41,43,47,40,39,29,34,33,25,35,18,12,17,15,6,9,11,10,7,7,1,5,2,3,6,1,2,2,1,1,1,1,0,1,0,1,1,0,0,0,2,0,0,0,0,0,0,0,1,1,0,1,0,1,0,1,1,0,0,2,1,2,3,2,3,0,2,4,2,8,10,9,3,9,13,7,8,12,10,19,12,9,12,14,19,4,6,6,3,9,3,3,0,1,0,0,0,0,0,0,0,0,0,0,0,0,0,0,0,0,0,0,0,0,0,0,0,0,0,0,0,0,0,0,0,0,0,0,0,0,0,0,0,0,0,0,0,0,0,0,0
0.49,0,0,0,0,0,0,0,0,0,0,0,0,0,0,0,0,0,0,0,0,0,0,0,0,0,0,0,0,0,0,0,0,0,0,0,0,0,0,0,0,0,1,0,1,0,0,3,2,4,9,6,13,21,21,29,32,25,30,30,34,40,40,39,38,26,30,32,25,35,30,17,11,16,12,11,12,8,6,7,4,3,2,2,3,2,1,0,5,1,1,1,1,0,2,3,2,0,3,0,0,0,0,2,1,0,1,1,2,0,1,1,1,0,1,0,3,2,0,1,5,1,1,3,1,5,7,7,7,11,7,12,9,3,11,11,19,7,18,8,12,16,7,12,12,5,9,7,7,5,0,1,2,0,3,0,0,0,0,0,0,0,0,0,0,0,0,0,0,0,0,0,0,0,0,0,0,0,0,0,0,0,0,0,0,0,0,0,0,0,0,0,0,0,0,0,0,0,0,0,0
0.5,0,0,0,0,0,0,0,0,0,0,0,0,0,0,0,0,0,0,0,0,0,0,0,0,0,0,0,0,0,0,0,0,0,0,0,0,0,0,0,0,0,0,1,0,1,1,4,5,6,9,11,20,17,30,18,30,42,29,29,34,50,46,39,33,33,33,25,23,26,17,16,15,14,15,15,5,8,6,7,1,3,4,7,3,4,1,3,1,3,1,1,1,1,1,0,0,1,0,0,0,0,1,1,0,0,1,0,1,0,1,0,1,1,0,3,0,0,2,1,2,6,3,2,5,4,3,3,6,8,10,10,9,5,6,14,7,11,15,11,9,11,22,4,5,7,6,7,4,8,6,6,1,0,1,0,1,0,0,0,0,0,0,0,0,0,0,0,0,0,0,0,0,0,0,0,0,0,0,0,0,0,0,0,0,0,0,0,0,0,0,0,0,0,0,0,0,0,0,0,0
0.51,0,0,0,0,0,0,0,0,0,0,0,0,0,0,0,0,0,0,0,0,0,0,0,0,0,0,0,0,0,0,0,0,0,0,0,0,0,0,0,0,0,0,1,1,1,4,1,4,6,7,11,15,17,22,32,25,33,40,26,25,28,39,34,38,25,22,20,20,19,13,30,13,16,18,11,9,13,6,4,4,6,1,2,2,0,2,0,1,2,2,1,3,0,1,1,2,0,1,1,1,0,0,0,1,1,1,0,2,2,2,1,2,0,1,0,1,0,4,4,1,4,3,4,2,11,6,6,6,7,7,6,14,11,18,13,17,17,11,15,22,16,11,11,10,6,7,12,5,3,3,3,4,2,1,1,0,0,0,0,0,0,0,0,0,0,0,0,0,0,0,0,0,0,0,0,0,0,0,0,0,0,0,0,0,0,0,0,0,0,0,0,0,0,0,0,0,0,0,0,0
0.52,0,0,0,0,0,0,0,0,0,0,0,0,0,0,0,0,0,0,0,0,0,0,0,0,0,0,0,0,0,0,0,0,0,0,0,0,0,0,0,0,0,0,0,1,0,3,6,4,7,10,18,7,14,14,23,32,33,32,31,32,36,31,27,27,33,37,22,18,28,20,12,21,13,16,16,10,7,3,3,2,6,3,6,6,2,3,2,2,0,2,0,1,1,0,4,4,1,2,0,2,1,0,0,1,2,1,0,0,1,0,1,0,1,1,1,2,1,4,3,5,2,4,7,3,1,2,6,4,12,5,11,10,9,8,14,13,9,12,32,17,10,15,17,11,5,13,7,7,3,1,4,3,0,2,0,0,0,0,0,0,0,0,0,0,0,0,0,0,0,0,0,0,0,0,0,0,0,0,0,0,0,0,0,0,0,0,0,0,0,0,0,0,0,0,0,0,0,0,0,0
0.53,0,0,0,0,0,0,0,0,0,0,0,0,0,0,0,0,0,0,0,0,0,0,0,0,0,0,0,0,0,0,0,0,0,0,0,0,0,0,0,0,0,1,1,0,2,0,5,2,5,7,14,17,16,22,28,24,29,32,52,35,32,37,29,36,35,28,27,22,22,24,20,12,13,9,12,11,10,8,3,6,4,3,4,3,2,0,0,2,0,1,2,1,2,0,0,2,0,1,2,1,0,2,2,4,0,1,1,0,1,1,0,1,1,2,2,1,4,2,0,1,4,3,4,5,5,10,3,7,8,8,8,7,11,12,7,10,9,17,20,15,6,19,8,13,7,7,4,7,4,2,2,2,0,1,0,0,0,1,0,0,0,0,0,0,0,0,0,0,0,0,0,0,0,0,0,0,0,0,0,0,0,0,0,0,0,0,0,0,0,0,0,0,0,0,0,0,0,0,0,0
0.54,0,0,0,0,0,0,0,0,0,0,0,0,0,0,0,0,0,0,0,0,0,0,0,0,0,0,0,0,0,0,0,0,0,0,0,0,0,0,0,0,0,0,0,0,0,1,3,6,6,7,11,11,20,23,24,23,24,29,35,36,40,32,35,27,36,21,21,21,21,24,19,14,14,18,10,7,11,7,8,2,5,4,4,6,3,3,3,2,2,3,2,1,1,0,1,1,0,0,1,1,0,1,2,0,2,2,1,0,0,0,0,1,2,2,2,2,4,0,1,3,2,4,7,2,5,3,5,7,5,9,3,11,13,17,8,12,17,13,11,12,15,15,19,14,12,10,7,8,7,4,4,1,2,1,0,0,0,0,0,0,0,0,0,0,0,0,0,0,0,0,0,0,0,0,0,0,0,0,0,0,0,0,0,0,0,0,0,0,0,0,0,0,0,0,0,0,0,0,0,0
0.55,0,0,0,0,0,0,0,0,0,0,0,0,0,0,0,0,0,0,0,0,0,0,0,0,0,0,0,0,0,0,0,0,0,0,0,0,0,0,0,0,0,1,0,1,1,2,1,3,6,4,9,16,19,25,21,35,39,37,30,25,28,44,36,40,29,33,23,25,24,20,24,11,14,17,15,10,9,15,6,4,1,1,3,4,1,4,5,2,2,0,0,0,1,1,2,1,0,0,0,0,1,2,1,0,0,1,0,0,0,1,2,1,0,0,2,1,3,1,4,5,3,4,1,4,6,7,7,5,9,13,3,9,5,10,15,12,11,13,18,12,11,10,9,8,5,9,9,4,3,3,2,0,1,2,1,0,0,0,1,0,0,0,0,0,0,0,0,0,0,0,0,0,0,0,0,0,0,0,0,0,0,0,0,0,0,0,0,0,0,0,0,0,0,0,0,0,0,0,0,0
0.56,0,0,0,0,0,0,0,0,0,0,0,0,0,0,0,0,0,0,0,0,0,0,0,0,0,0,0,0,0,0,0,0,0,0,0,0,0,0,0,0,0,0,0,0,0,1,0,5,3,9,9,14,19,12,30,21,20,31,33,35,39,24,24,28,28,17,31,24,26,22,17,12,16,10,11,8,10,2,5,4,4,2,0,2,3,4,1,1,2,0,1,1,1,2,1,3,3,1,3,1,2,0,1,5,0,1,1,1,1,4,1,0,2,0,4,1,3,3,1,2,10,3,7,8,8,9,6,6,7,6,10,10,5,10,15,22,12,19,21,19,16,19,17,8,15,13,3,7,6,4,3,3,2,1,1,0,0,0,0,0,0,0,0,0,0,0,0,0,0,0,0,0,0,0,0,0,0,0,0,0,0,0,0,0,0,0,0,0,0,0,0,0,0,0,0,0,0,0,0,0
0.5700000000000001,0,0,0,0,0,0,0,0,0,0,0,0,0,0,0,0,0,0,0,0,0,0,0,0,0,0,0,0,0,0,0,0,0,0,0,0,0,0,0,0,0,0,0,1,0,1,5,1,3,11,10,10,15,18,19,24,22,24,35,29,28,35,40,27,29,23,29,18,22,14,13,14,15,10,11,5,7,7,8,9,3,2,5,5,2,0,5,1,0,2,2,1,0,0,0,1,2,1,3,0,1,2,3,2,0,1,0,0,2,4,1,1,1,3,5,1,2,1,1,3,2,1,2,4,4,6,6,10,12,10,3,18,18,18,11,9,19,15,14,22,20,16,22,12,13,11,10,7,6,8,4,2,1,1,1,0,0,0,0,0,1,0,0,0,0,0,0,0,0,0,0,0,0,0,0,0,0,0,0,0,0,0,0,0,0,0,0,0,0,0,0,0,0,0,0,0,0,0,0,0
0.5800000000000001,0,0,0,0,0,0,0,0,0,0,0,0,0,0,0,0,0,0,0,0,0,0,0,0,0,0,0,0,0,0,0,0,0,0,0,0,0,0,0,0,0,0,0,0,0,3,3,6,8,5,10,10,15,24,16,28,31,30,30,35,29,18,27,31,29,28,23,16,17,16,12,12,13,11,12,10,7,9,9,3,3,4,4,1,5,5,3,4,4,1,1,3,2,2,2,0,0,3,2,1,2,0,1,1,0,0,2,1,2,3,2,3,0,1,2,4,1,1,5,1,2,5,1,4,7,7,11,2,4,7,16,13,19,13,18,20,17,13,19,19,9,10,15,15,17,7,12,7,7,4,2,2,4,0,1,1,0,1,0,1,0,0,0,0,0,0,0,0,0,0,0,0,0,0,0,0,0,0,0,0,0,0,0,0,0,0,0,0,0,0,0,0,0,0,0,0,0,0,0,0
0.59,0,0,0,0,0,0,0,0,0,0,0,0,0,0,0,0,0,0,0,0,0,0,0,0,0,0,0,0,0,0,0,0,0,0,0,0,0,0,1,0,0,0,1,1,3,4,2,3,4,5,11,7,18,14,20,33,22,25,30,19,27,25,22,29,30,23,17,26,13,10,17,15,11,13,12,8,12,5,7,4,6,5,2,1,3,4,2,3,2,1,1,2,1,3,0,2,1,3,1,0,0,0,0,0,0,0,1,2,0,0,0,2,1,1,1,8,3,2,6,3,6,8,4,7,10,5,7,8,9,11,11,11,17,11,20,16,16,14,19,22,20,21,22,21,8,17,9,5,4,7,6,1,2,2,1,0,0,0,0,0,0,0,0,0,0,0,0,0,0,0,0,0,0,0,0,0,0,0,0,0,0,0,0,0,0,0,0,0,0,0,0,0,0,0,0,0,0,0,0,0
0.6,0,0,0,0,0,0,0,0,0,0,0,0,0,0,0,0,0,0,0,0,0,0,0,0,0,0,0,0,0,0,0,0,0,0,0,0,0,0,0,0,0,0,0,2,1,2,2,4,8,10,9,17,10,13,27,31,27,28,24,26,22,28,21,35,20,23,31,35,17,19,15,18,12,15,7,8,6,4,5,7,9,6,6,4,2,0,3,3,3,2,1,1,1,2,1,3,1,0,1,1,0,0,1,5,0,1,1,0,0,1,1,2,0,1,2,2,2,5,2,6,2,3,3,4,10,1,7,6,14,10,10,8,9,9,13,18,19,16,23,15,20,13,15,10,15,12,7,8,8,4,5,1,2,5,1,1,1,0,0,0,1,0,0,0,0,0,0,0,0,0,0,0,0,0,0,0,0,0,0,0,0,0,0,0,0,0,0,0,0,0,0,0,0,0,0,0,0,0,0,0
0.61,0,0,0,0,0,0,0,0,0,0,0,0,0,0,0,0,0,0,0,0,0,0,0,0,0,0,0,0,0,0,0,0,0,0,0,0,0,0,0,0,0,0,0,0,2,2,2,6,6,7,12,21,17,11,23,15,25,25,31,36,23,35,32,19,21,22,26,18,13,20,23,17,9,11,17,7,6,5,8,4,3,7,2,2,0,3,1,2,5,3,0,1,3,0,3,2,0,0,2,2,1,2,0,1,2,2,0,3,1,0,2,1,2,2,3,1,2,0,3,7,3,5,2,6,7,5,9,8,9,18,5,14,13,16,19,17,18,16,27,12,17,8,12,16,14,9,9,9,3,4,2,1,5,3,3,1,2,0,0,0,0,0,0,0,0,0,0,0,0,0,0,0,0,0,0,0,0,0,0,0,0,0,0,0,0,0,0,0,0,0,0,0,0,0,0,0,0,0,0,0
0.62,0,0,0,0,0,0,0,0,0,0,0,0,0,0,0,0,0,0,0,0,0,0,0,0,0,0,0,0,0,0,0,0,0,0,0,0,0,0,0,0,0,0,0,1,1,3,4,2,4,8,15,17,16,19,18,22,20,23,31,31,31,22,22,25,35,23,24,20,17,16,18,15,16,8,4,9,7,11,7,4,6,1,5,2,3,1,3,5,3,3,0,2,1,0,3,2,0,1,0,0,0,0,2,0,1,1,2,0,1,2,1,5,1,2,1,1,2,3,4,5,3,7,5,2,4,6,4,7,8,13,20,16,16,19,14,14,13,8,8,21,22,26,14,11,11,11,9,5,15,9,8,5,1,1,0,0,0,0,0,0,0,0,0,0,0,0,0,0,0,0,0,0,0,0,0,0,0,0,0,0,0,0,0,0,0,0,0,0,0,0,0,0,0,0,0,0,0,0,0,0
0.63,0,0,0,0,0,0,0,0,0,0,0,0,0,0,0,0,0,0,0,0,0,0,0,0,0,0,0,0,0,0,0,0,0,0,0,0,0,0,0,0,0,0,0,0,1,1,5,4,4,5,10,8,14,26,15,29,24,23,26,28,23,25,27,19,22,15,16,23,13,22,12,15,15,7,12,13,9,18,6,7,4,2,3,7,5,5,2,2,3,4,1,1,0,4,1,3,1,1,0,3,2,0,1,2,4,2,3,0,3,2,2,1,3,3,3,7,3,2,1,5,5,6,3,2,10,10,7,15,13,9,8,11,16,20,21,16,13,20,15,18,13,18,12,10,5,9,14,9,12,4,4,4,2,1,1,1,0,0,0,0,0,0,0,0,0,0,0,0,0,0,0,0,0,0,0,0,0,0,0,0,0,0,0,0,0,0,0,0,0,0,0,0,0,0,0,0,0,0,0,0
0.64,0,0,0,0,0,0,0,0,0,0,0,0,0,0,0,0,0,0,0,0,0,0,0,0,0,0,0,0,0,0,0,0,0,0,0,0,0,0,0,0,0,0,1,3,2,0,1,3,2,7,11,10,16,15,20,17,27,24,31,26,27,26,33,27,25,16,23,15,15,26,13,11,14,11,6,10,8,9,6,6,10,4,4,0,6,4,0,2,0,3,1,2,2,2,1,2,1,0,1,0,2,2,3,1,2,1,1,1,3,1,1,4,5,2,4,2,4,2,4,3,3,6,5,3,3,9,7,7,8,8,17,13,14,16,15,18,18,24,17,13,19,11,11,12,22,11,16,9,10,6,4,3,2,1,0,1,1,0,1,0,0,0,0,0,0,0,0,0,0,0,0,0,0,0,0,0,0,0,0,0,0,0,0,0,0,0,0,0,0,0,0,0,0,0,0,0,0,0,0,0
0.65,0,0,0,0,0,0,0,0,0,0,0,0,0,0,0,0,0,0,0,0,0,0,0,0,0,0,0,0,0,0,0,0,0,0,0,0,0,0,0,0,0,1,1,0,0,5,4,4,5,10,17,19,15,11,16,14,18,19,17,26,30,26,29,24,21,16,26,26,22,18,13,11,11,14,5,10,6,6,4,2,6,6,1,2,5,2,2,1,0,3,3,2,4,2,2,1,2,0,4,2,0,2,1,2,1,2,3,2,1,3,1,4,5,0,1,0,1,4,8,2,3,6,4,7,7,6,5,9,16,6,8,11,21,11,13,19,16,16,17,19,29,16,25,14,13,13,19,6,6,5,8,5,2,2,0,1,0,1,0,0,0,0,0,0,0,0,0,0,0,0,0,0,0,0,0,0,0,0,0,0,0,0,0,0,0,0,0,0,0,0,0,0,0,0,0,0,0,0,0,0
0.66,0,0,0,0,0,0,0,0,0,0,0,0,0,0,0,0,0,0,0,0,0,0,0,0,0,0,0,0,0,0,0,0,0,0,0,0,0,0,0,0,0,0,1,3,3,3,2,3,2,4,14,7,19,15,7,18,24,20,18,22,23,31,21,29,19,17,24,15,19,19,19,13,6,11,11,6,5,9,6,4,5,4,5,1,2,5,6,4,3,1,4,0,1,0,1,1,1,3,2,3,1,2,1,2,0,3,4,2,5,2,4,5,0,0,4,4,2,0,3,5,4,8,11,3,3,7,13,16,9,9,14,14,22,12,20,16,13,26,23,19,18,21,14,8,15,16,14,9,5,9,6,1,3,1,1,0,2,2,0,0,0,0,0,0,0,0,0,0,0,0,0,0,0,0,0,0,0,0,0,0,0,0,0,0,0,0,0,0,0,0,0,0,0,0,0,0,0,0,0,0
0.67,0,0,0,0,0,0,0,0,0,0,0,0,0,0,0,0,0,0,0,0,0,0,0,0,0,0,0,0,0,0,0,0,0,0,0,0,0,0,0,0,1,1,3,0,1,3,1,5,6,8,11,12,6,15,21,17,23,27,30,24,25,29,27,33,21,22,28,18,22,15,13,13,10,13,12,10,8,6,7,10,8,5,6,4,6,4,3,4,3,0,1,1,3,0,1,2,0,0,0,2,2,2,0,5,3,2,0,2,1,4,4,4,1,1,3,3,5,2,7,4,4,3,1,5,10,11,9,9,12,13,11,11,14,12,18,17,11,17,17,10,15,20,12,18,10,5,7,6,6,7,3,2,3,2,1,2,0,0,0,1,0,0,0,0,0,0,0,0,0,0,0,0,0,0,0,0,0,0,0,0,0,0,0,0,0,0,0,0,0,0,0,0,0,0,0,0,0,0,0,0
0.68,0,0,0,0,0,0,0,0,0,0,0,0,0,0,0,0,0,0,0,0,0,0,0,0,0,0,0,0,0,0,0,0,0,0,0,0,0,0,0,0,1,0,4,2,4,1,4,4,5,4,8,12,16,14,18,16,14,27,22,15,22,22,24,23,27,21,27,23,21,15,16,14,12,8,14,4,4,6,1,9,5,7,8,1,5,3,3,1,2,4,3,1,4,2,1,1,2,2,2,1,2,1,2,0,2,0,0,4,4,1,1,4,2,2,4,5,3,4,2,0,8,5,4,3,6,10,3,8,15,13,13,13,16,21,20,22,12,17,29,16,22,18,14,13,14,14,7,8,10,6,4,1,1,2,4,2,0,0,0,0,1,0,0,0,0,0,0,0,0,0,0,0,0,0,0,0,0,0,0,0,0,0,0,0,0,0,0,0,0,0,0,0,0,0,0,0,0,0,0,0
0.6900000000000001,0,0,0,0,0,0,0,0,0,0,0,0,0,0,0,0,0,0,0,0,0,0,0,0,0,0,0,0,0,0,0,0,0,0,0,0,0,0,0,0,0,0,0,0,2,0,5,2,6,7,11,10,10,15,19,21,17,22,26,24,21,19,18,21,16,15,13,20,21,17,12,12,11,7,10,6,9,9,8,10,5,3,3,3,4,1,4,5,3,2,1,2,2,0,1,1,1,3,2,0,3,0,2,1,2,2,5,2,4,2,1,1,5,3,0,1,5,4,5,5,7,4,6,6,10,8,9,9,6,15,17,13,19,25,11,23,18,18,15,18,20,26,20,18,15,11,12,7,13,6,8,4,6,2,2,0,1,0,0,1,0,0,0,0,0,0,0,0,0,0,0,0,0,0,0,0,0,0,0,0,0,0,0,0,0,0,0,0,0,0,0,0,0,0,0,0,0,0,0,0
0.7000000000000001,0,0,0,0,0,0,0,0,0,0,0,0,0,0,0,0,0,0,0,0,0,0,0,0,0,0,0,0,0,0,0,0,0,0,0,0,0,0,0,0,0,0,0,1,1,3,2,2,4,10,9,17,17,15,11,17,11,17,13,24,31,19,23,16,22,23,23,17,14,19,11,14,11,13,10,9,8,7,4,5,5,6,3,3,0,2,5,3,1,3,2,1,3,1,1,0,1,2,0,2,1,0,3,0,2,1,6,4,2,1,1,1,0,1,2,7,3,4,2,5,4,7,3,5,13,13,9,8,10,11,11,22,17,20,18,19,22,19,17,19,19,23,19,18,10,13,15,15,9,8,5,2,4,3,1,1,4,0,0,0,0,0,1,0,0,0,0,0,0,0,0,0,0,0,0,0,0,0,0,0,0,0,0,0,0,0,0,0,0,0,0,0,0,0,0,0,0,0,0,0
0.7100000000000001,0,0,0,0,0,0,0,0,0,0,0,0,0,0,0,0,0,0,0,0,0,0,0,0,0,0,0,0,0,0,0,0,0,0,0,0,0,0,0,0,0,0,0,1,0,3,5,1,3,7,12,11,6,16,14,11,27,18,22,23,15,17,24,27,17,21,19,20,15,22,15,15,9,9,11,9,12,6,6,4,5,6,3,4,3,3,4,1,2,6,1,2,4,0,1,1,0,3,1,2,3,0,5,0,0,0,1,3,2,0,2,4,4,3,7,2,4,6,4,7,7,4,11,3,9,8,10,5,8,15,11,18,15,19,19,24,16,22,24,18,15,10,16,15,13,17,11,10,9,9,5,9,7,2,2,1,0,0,0,0,1,0,0,0,0,0,0,0,0,0,0,0,0,0,0,0,0,0,0,0,0,0,0,0,0,0,0,0,0,0,0,0,0,0,0,0,0,0,0,0
0.72,0,0,0,0,0,0,0,0,0,0,0,0,0,0,0,0,0,0,0,0,0,0,0,0,0,0,0,0,0,0,0,0,0,0,0,0,0,0,0,0,0,0,1,0,0,2,1,2,5,3,13,15,10,13,16,26,17,14,17,16,18,17,31,23,13,27,15,21,13,10,14,18,15,15,10,8,7,9,1,10,5,5,4,6,2,4,4,4,7,3,2,0,3,5,1,0,1,2,3,2,4,3,1,3,3,0,3,1,1,2,3,4,4,3,3,5,3,4,2,6,10,7,2,10,5,11,13,9,13,17,8,19,19,18,22,19,15,14,21,15,13,17,16,20,19,12,7,10,12,7,1,5,4,1,0,1,0,0,1,0,0,0,0,0,0,0,0,0,0,0,0,0,0,0,0,0,0,0,0,0,0,0,0,0,0,0,0,0,0,0,0,0,0,0,0,0,0,0,0,0
0.73,0,0,0,0,0,0,0,0,0,0,0,0,0,0,0,0,0,0,0,0,0,0,0,0,0,0,0,0,0,0,0,0,0,0,0,0,0,0,0,0,0,0,1,1,2,1,4,2,7,8,7,8,11,16,14,18,19,23,21,16,21,15,26,21,25,15,14,22,17,7,17,16,15,11,10,7,5,6,5,4,2,10,4,6,0,3,2,0,1,3,6,2,4,4,3,1,3,3,1,1,2,0,2,1,0,2,1,0,0,1,1,2,2,3,5,8,7,4,6,8,8,11,7,13,10,16,10,16,13,7,10,6,15,12,17,23,17,24,23,14,16,15,16,18,19,13,11,8,6,7,8,3,6,7,1,1,1,0,0,0,0,0,0,0,0,0,0,0,0,0,0,0,0,0,0,0,0,0,0,0,0,0,0,0,0,0,0,0,0,0,0,0,0,0,0,0,0,0,0,0
0.74,0,0,0,0,0,0,0,0,0,0,0,0,0,0,0,0,0,0,0,0,0,0,0,0,0,0,0,0,0,0,0,0,0,0,0,0,0,0,0,0,0,2,1,0,3,6,3,6,4,7,5,12,20,20,10,8,21,24,20,25,27,19,23,21,13,17,11,17,14,18,11,19,9,12,15,6,10,6,9,4,5,4,5,3,4,4,6,4,1,1,3,2,1,1,2,0,0,2,1,1,2,2,2,2,3,3,3,4,3,4,4,2,6,2,5,1,4,5,1,9,5,8,7,7,8,4,11,7,17,16,7,14,10,17,18,17,20,13,21,20,15,17,22,13,12,10,13,14,19,6,4,4,3,2,2,1,0,0,1,0,0,0,0,0,0,0,0,0,0,0,0,0,0,0,0,0,0,0,0,0,0,0,0,0,0,0,0,0,0,0,0,0,0,0,0,0,0,0,0,0
0.75,0,0,0,0,0,0,0,0,0,0,0,0,0,0,0,0,0,0,0,0,0,0,0,0,0,0,0,0,0,0,0,0,0,0,0,0,0,0,0,0,1,0,0,1,5,7,3,3,4,4,6,12,10,9,10,13,8,20,22,26,16,22,16,23,12,12,22,16,17,11,14,15,9,6,15,8,5,7,9,5,8,8,3,2,3,7,3,5,5,1,2,4,4,1,3,3,0,4,3,3,6,0,2,0,6,2,3,1,2,5,5,8,3,2,4,5,3,2,4,1,7,5,2,11,11,7,8,8,20,18,11,15,19,15,16,9,18,26,23,21,18,19,24,17,11,13,13,10,8,6,13,3,6,8,1,0,0,0,0,0,0,0,0,0,0,0,0,0,0,0,0,0,0,0,0,0,0,0,0,0,0,0,0,0,0,0,0,0,0,0,0,0,0,0,0,0,0,0,0,0
0.76,0,0,0,0,0,0,0,0,0,0,0,0,0,0,0,0,0,0,0,0,0,0,0,0,0,0,0,0,0,0,0,0,0,0,0,0,0,0,0,0,0,1,0,2,4,4,0,3,5,6,6,9,7,8,24,21,14,19,22,15,21,22,19,27,21,28,14,20,14,10,20,12,15,5,7,12,4,5,10,6,6,6,6,5,5,4,5,5,3,5,0,2,2,2,1,3,1,3,1,2,5,3,2,0,5,4,3,1,2,1,2,4,5,6,2,2,5,2,5,7,3,3,8,5,5,7,11,14,14,16,15,18,13,29,16,13,21,16,14,11,17,22,13,16,12,17,13,7,12,6,7,2,2,1,1,1,1,1,1,1,0,0,0,0,0,0,0,0,0,0,0,0,0,0,0,0,0,0,0,0,0,0,0,0,0,0,0,0,0,0,0,0,0,0,0,0,0,0,0,0
0.77,0,0,0,0,0,0,0,0,0,0,0,0,0,0,0,0,0,0,0,0,0,0,0,0,0,0,0,0,0,0,0,0,0,0,0,0,0,0,0,0,0,0,1,3,0,2,1,3,7,3,7,10,14,11,12,15,21,14,26,21,9,17,19,15,26,16,17,15,19,10,9,16,11,5,15,13,6,6,7,7,1,7,2,6,3,7,3,2,2,2,0,0,2,0,6,2,4,1,3,1,4,1,1,2,3,0,2,0,1,3,3,1,2,1,6,1,5,4,7,3,3,4,4,10,15,16,9,17,10,11,16,8,14,19,15,15,15,17,29,21,24,22,25,26,16,16,15,11,11,6,10,4,5,7,1,0,0,0,0,0,0,0,0,0,0,0,0,0,0,0,0,0,0,0,0,0,0,0,0,0,0,0,0,0,0,0,0,0,0,0,0,0,0,0,0,0,0,0,0,0
0.78,0,0,0,0,0,0,0,0,0,0,0,0,0,0,0,0,0,0,0,0,0,0,0,0,0,0,0,0,0,0,0,0,0,0,0,0,0,0,1,0,1,0,0,2,3,3,5,6,5,6,9,2,13,10,14,14,24,20,17,17,23,21,18,26,20,14,19,19,14,7,16,8,12,6,10,10,8,6,4,7,6,5,3,5,2,2,6,4,5,4,1,3,3,3,3,4,1,2,4,0,1,1,0,2,4,1,4,1,5,3,3,3,7,4,3,7,3,5,3,6,6,7,11,11,8,11,10,14,11,8,14,18,15,18,18,20,23,20,19,21,19,22,16,12,11,7,13,4,7,12,5,5,7,2,2,0,1,0,0,0,0,0,0,0,0,0,0,0,0,0,0,0,0,0,0,0,0,0,0,0,0,0,0,0,0,0,0,0,0,0,0,0,0,0,0,0,0,0,0,0
0.79,0,0,0,0,0,0,0,0,0,0,0,0,0,0,0,0,0,0,0,0,0,0,0,0,0,0,0,0,0,0,0,0,0,0,0,0,0,0,0,0,1,1,1,2,2,2,4,3,5,3,8,9,11,11,11,15,29,21,13,17,13,12,15,10,12,15,13,16,14,19,18,12,18,13,11,9,5,13,7,7,5,6,3,6,6,6,5,3,5,2,5,1,4,3,6,1,5,2,1,2,0,3,2,1,2,3,1,1,2,4,3,7,2,4,2,6,5,3,6,5,7,9,6,6,8,9,12,9,21,16,8,16,28,18,13,14,20,26,14,14,25,12,16,24,17,9,14,11,11,8,3,2,3,5,2,1,1,1,0,0,0,0,1,0,0,0,0,0,0,0,0,0,0,0,0,0,0,0,0,0,0,0,0,0,0,0,0,0,0,0,0,0,0,0,0,0,0,0,0,0
0.8,0,0,0,0,0,0,0,0,0,0,0,0,0,0,0,0,0,0,0,0,0,0,0,0,0,0,0,0,0,0,0,0,0,0,0,0,1,0,0,0,0,0,0,1,2,1,3,5,4,10,11,10,14,14,16,17,11,20,15,19,16,17,13,23,18,18,27,20,21,10,13,14,13,13,10,7,9,5,3,5,5,6,6,5,9,1,4,7,6,2,1,1,0,1,3,6,2,5,3,3,2,0,1,1,1,1,4,2,7,4,4,4,2,3,3,1,6,4,10,6,6,7,5,8,6,8,10,9,8,10,8,9,16,19,16,19,15,21,14,16,22,24,15,11,25,20,8,9,11,10,5,4,8,3,0,3,0,1,0,0,0,0,0,0,0,0,0,0,0,0,0,0,0,0,0,0,0,0,0,0,0,0,0,0,0,0,0,0,0,0,0,0,0,0,0,0,0,0,0,0
0.81,0,0,0,0,0,0,0,0,0,0,0,0,0,0,0,0,0,0,0,0,0,0,0,0,0,0,0,0,0,0,0,0,0,0,0,0,0,0,0,1,0,0,2,1,3,0,5,5,2,10,15,15,16,14,19,13,12,18,18,21,15,17,13,20,26,18,19,13,17,10,11,6,7,14,15,16,12,8,6,7,9,3,7,4,6,3,6,4,4,1,0,6,2,4,3,4,3,3,2,2,2,0,4,1,3,3,0,5,5,0,5,4,6,6,5,4,5,4,2,5,3,5,9,5,6,4,9,8,12,16,9,25,16,14,17,15,16,21,15,14,28,12,15,13,18,11,5,11,5,11,9,4,5,4,1,0,0,2,1,0,1,0,0,0,0,0,0,0,0,0,0,0,0,0,0,0,0,0,0,0,0,0,0,0,0,0,0,0,0,0,0,0,0,0,0,0,0,0,0,0
0.8200000000000001,0,0,0,0,0,0,0,0,0,0,0,0,0,0,0,0,0,0,0,0,0,0,0,0,0,0,0,0,0,0,0,0,0,0,0,0,0,1,0,0,1,1,0,2,0,1,7,3,3,9,9,13,8,14,13,14,22,16,20,27,24,20,25,18,15,16,14,12,17,22,13,11,15,11,17,6,9,7,8,5,4,3,6,4,8,4,6,3,8,1,2,3,2,3,1,2,4,3,2,1,6,2,4,4,1,0,2,3,1,2,4,5,4,2,6,4,7,2,4,5,9,9,8,11,6,12,8,13,11,14,6,17,13,20,11,12,15,24,14,20,14,16,16,17,12,8,7,8,14,6,4,6,5,2,0,1,1,0,1,1,0,1,0,0,0,0,0,0,0,0,0,0,0,0,0,0,0,0,0,0,0,0,0,0,0,0,0,0,0,0,0,0,0,0,0,0,0,0,0,0
0.8300000000000001,0,0,0,0,0,0,0,0,0,0,0,0,0,0,0,0,0,0,0,0,0,0,0,0,0,0,0,0,0,0,0,0,0,0,0,0,0,0,0,1,0,0,0,0,3,0,3,6,8,7,8,16,6,10,13,21,15,26,16,21,21,26,19,14,11,23,19,11,13,15,15,9,12,8,6,6,5,4,11,4,8,5,8,4,6,5,3,8,4,3,3,1,8,3,2,2,4,1,2,2,2,6,3,2,3,1,4,0,1,2,4,2,5,5,1,1,2,3,4,6,6,7,10,6,8,10,9,8,11,11,10,17,16,14,15,20,18,18,11,26,20,17,19,22,19,7,15,12,15,7,8,3,4,1,3,1,2,1,0,2,0,0,0,0,0,0,0,0,0,0,0,0,0,0,0,0,0,0,0,0,0,0,0,0,0,0,0,0,0,0,0,0,0,0,0,0,0,0,0,0
0.8400000000000001,0,0,0,0,0,0,0,0,0,0,0,0,0,0,0,0,0,0,0,0,0,0,0,0,0,0,0,0,0,0,0,0,0,0,0,0,0,0,0,0,0,0,0,0,3,3,6,6,4,9,10,8,12,16,7,14,17,12,26,18,13,25,21,29,27,16,21,18,18,12,13,16,9,9,7,5,7,9,10,9,4,3,2,10,2,3,3,2,3,2,2,2,5,2,1,2,3,3,1,2,0,4,0,1,2,3,4,2,2,0,0,4,5,2,3,2,3,5,7,8,7,7,7,3,12,10,13,10,14,16,8,15,13,20,10,15,26,28,19,17,12,19,15,19,17,10,12,7,13,3,6,5,1,4,5,2,0,0,0,1,0,0,0,0,0,0,0,0,0,0,0,0,0,0,0,0,0,0,0,0,0,0,0,0,0,0,0,0,0,0,0,0,0,0,0,0,0,0,0,0
0.85,0,0,0,0,0,0,0,0,0,0,0,0,0,0,0,0,0,0,0,0,0,0,0,0,0,0,0,0,0,0,0,0,0,0,0,0,0,0,0,0,0,1,0,3,0,2,8,6,4,6,9,7,11,18,8,21,15,18,31,23,10,24,17,20,27,25,20,17,18,15,13,14,6,7,11,10,6,7,5,5,2,4,8,3,7,7,5,5,0,2,2,2,1,6,3,3,3,1,5,6,1,2,4,2,1,3,3,0,3,1,5,3,2,2,2,0,4,3,4,7,9,5,6,4,12,9,10,7,16,9,11,19,13,11,17,16,16,20,19,20,11,19,21,12,13,15,13,6,9,9,5,5,3,5,3,1,1,3,1,0,0,0,1,0,0,0,0,0,0,0,0,0,0,0,0,0,0,0,0,0,0,0,0,0,0,0,0,0,0,0,0,0,0,0,0,0,0,0,0,0
0.86,0,0,0,0,0,0,0,0,0,0,0,0,0,0,0,0,0,0,0,0,0,0,0,0,0,0,0,0,0,0,0,0,0,0,0,0,0,0,0,0,0,1,1,0,1,3,2,6,4,4,7,14,10,8,14,14,19,18,22,18,20,19,21,12,20,14,9,22,10,23,19,9,17,11,8,13,6,6,7,8,4,5,11,2,1,4,4,6,4,3,2,5,1,3,2,2,4,1,1,3,2,2,4,4,0,3,3,2,5,2,5,2,8,7,3,5,7,5,3,9,6,5,5,8,4,6,6,9,16,12,18,19,14,18,13,19,20,22,17,11,13,17,18,18,11,9,9,16,12,15,6,6,1,3,2,1,2,1,2,0,1,0,0,0,0,0,0,0,0,0,0,0,0,0,0,0,0,0,0,0,0,0,0,0,0,0,0,0,0,0,0,0,0,0,0,0,0,0,0,0
0.87,0,0,0,0,0,0,0,0,0,0,0,0,0,0,0,0,0,0,0,0,0,0,0,0,0,0,0,0,0,0,0,0,0,0,0,0,0,0,1,0,1,0,2,0,3,3,1,3,4,7,10,9,15,18,11,13,18,14,16,24,16,24,28,13,22,15,15,20,11,9,14,5,11,10,11,10,8,8,11,7,5,8,6,3,4,2,6,4,2,9,1,2,2,0,4,3,3,1,3,2,0,0,1,1,3,4,5,4,6,3,4,1,2,5,4,12,8,5,6,5,5,5,9,7,7,6,11,12,10,13,10,13,9,13,17,14,22,20,23,23,18,15,13,18,17,14,13,8,6,12,3,4,6,5,5,0,0,0,2,2,0,0,0,0,0,0,0,0,0,0,0,0,0,0,0,0,0,0,0,0,0,0,0,0,0,0,0,0,0,0,0,0,0,0,0,0,0,0,0,0
0.88,0,0,0,0,0,0,0,0,0,0,0,0,0,0,0,0,0,0,0,0,0,0,0,0,0,0,0,0,0,0,0,0,0,0,0,0,0,0,0,1,1,0,0,1,4,1,3,4,9,5,9,7,12,9,15,16,14,14,18,25,24,11,19,14,16,16,15,16,20,20,18,12,15,9,18,13,9,9,11,9,7,4,6,7,6,4,3,3,5,3,4,4,2,4,3,2,2,2,1,1,3,3,1,0,3,2,2,1,1,2,3,4,1,0,6,3,6,5,7,7,7,12,3,4,13,9,6,13,9,14,9,12,20,13,14,15,19,20,14,16,12,16,20,16,20,7,17,9,11,11,6,4,3,4,2,3,0,1,0,0,1,0,0,0,0,0,0,0,0,0,0,0,0,0,0,0,0,0,0,0,0,0,0,0,0,0,0,0,0,0,0,0,0,0,0,0,0,0,0,0
0.89,0,0,0,0,0,0,0,0,0,0,0,0,0,0,0,0,0,0,0,0,0,0,0,0,0,0,0,0,0,0,0,0,0,0,0,0,0,0,0,0,0,0,3,2,4,1,4,5,3,12,11,8,6,14,21,16,12,16,16,15,28,17,23,17,17,15,18,20,13,28,11,10,6,15,7,11,4,3,8,4,6,9,5,5,5,6,3,6,2,2,4,0,2,3,4,5,2,2,0,1,3,8,8,4,3,2,4,6,6,2,4,2,1,4,5,3,5,6,5,8,3,7,7,11,11,8,11,11,16,13,20,8,20,18,11,11,15,9,22,17,13,23,8,12,9,16,14,7,9,10,6,5,7,4,2,0,0,0,1,0,0,0,0,0,0,0,0,0,0,0,0,0,0,0,0,0,0,0,0,0,0,0,0,0,0,0,0,0,0,0,0,0,0,0,0,0,0,0,0,0
0.9,0,0,0,0,0,0,0,0,0,0,0,0,0,0,0,0,0,0,0,0,0,0,0,0,0,0,0,0,0,0,0,0,0,0,0,0,0,0,0,0,0,1,1,0,4,2,2,5,2,4,8,11,9,14,16,21,21,17,16,21,17,19,26,17,17,15,18,18,18,14,14,7,12,13,4,11,8,7,9,12,1,5,1,3,4,3,6,5,2,5,3,3,3,2,2,0,4,4,2,2,4,1,3,2,2,2,4,5,3,4,3,3,4,4,2,9,6,6,4,4,6,8,11,9,9,12,12,11,13,12,8,16,10,12,17,13,14,21,23,15,10,18,16,18,16,14,7,13,8,7,1,10,7,4,3,3,4,1,1,0,0,0,1,0,0,0,0,0,0,0,0,0,0,0,0,0,0,0,0,0,0,0,0,0,0,0,0,0,0,0,0,0,0,0,0,0,0,0,0,0
0.91,0,0,0,0,0,0,0,0,0,0,0,0,0,0,0,0,0,0,0,0,0,0,0,0,0,0,0,0,0,0,0,0,0,0,0,0,0,0,1,0,0,2,0,3,3,1,3,3,4,6,4,6,8,12,14,16,15,22,16,19,11,15,25,21,14,20,14,13,14,11,14,17,9,5,9,9,9,11,11,9,5,6,5,5,5,3,2,2,4,6,4,3,4,1,1,2,2,4,4,1,3,5,4,2,2,2,5,2,4,6,5,5,6,6,4,4,4,5,11,8,6,8,3,5,11,7,12,11,9,9,8,18,11,20,15,18,17,21,19,13,16,22,14,16,12,17,13,14,9,11,10,5,3,5,2,3,1,3,1,0,0,0,1,0,0,0,0,0,0,0,0,0,0,0,0,0,0,0,0,0,0,0,0,0,0,0,0,0,0,0,0,0,0,0,0,0,0,0,0,0
0.92,0,0,0,0,0,0,0,0,0,0,0,0,0,0,0,0,0,0,0,0,0,0,0,0,0,0,0,0,0,0,0,0,0,0,0,0,0,0,1,0,1,0,1,1,0,1,2,1,6,5,6,9,12,6,16,12,10,18,10,17,13,25,20,18,16,12,9,12,20,14,14,14,12,7,7,6,9,15,4,5,5,7,6,3,2,6,6,1,5,1,5,6,5,4,3,2,4,5,2,2,3,0,2,6,4,2,2,4,3,2,2,3,6,4,4,4,2,5,9,7,8,14,9,5,8,7,13,9,14,13,20,14,18,12,16,16,35,20,20,12,25,18,18,17,14,14,9,7,8,13,10,4,4,6,1,0,1,0,3,1,2,1,0,0,0,0,0,0,0,0,0,0,0,0,0,0,0,0,0,0,0,0,0,0,0,0,0,0,0,0,0,0,0,0,0,0,0,0,0,0
0.93,0,0,0,0,0,0,0,0,0,0,0,0,0,0,0,0,0,0,0,0,0,0,0,0,0,0,0,0,0,0,0,0,0,0,0,1,0,0,0,0,0,0,2,1,0,4,5,8,5,8,6,11,7,11,9,22,10,25,13,15,21,17,18,18,21,11,20,18,13,8,15,12,17,11,7,10,5,9,9,10,5,6,6,7,7,1,2,1,2,3,0,2,2,3,2,3,3,3,2,4,2,2,3,3,2,4,5,3,3,5,4,4,4,3,5,5,3,8,5,9,9,11,12,6,9,7,10,7,10,10,12,15,18,17,13,24,18,22,14,16,18,13,15,13,15,4,16,13,8,13,8,4,8,3,2,0,0,4,1,2,0,1,0,0,0,0,0,0,0,0,0,0,0,0,0,0,0,0,0,0,0,0,0,0,0,0,0,0,0,0,0,0,0,0,0,0,0,0,0,0
0.9400000000000001,0,0,0,0,0,0,0,0,0,0,0,0,0,0,0,0,0,0,0,0,0,0,0,0,0,0,0,0,0,0,0,0,0,0,0,0,1,1,0,0,0,2,1,2,2,2,4,4,14,12,9,18,9,8,16,13,20,17,22,16,25,17,15,15,15,15,12,11,18,10,14,12,14,15,5,8,8,11,7,13,6,4,4,14,4,1,4,3,4,4,6,4,3,5,1,2,5,1,1,2,0,2,2,3,5,2,1,2,2,3,3,3,3,3,5,2,7,4,1,5,8,9,9,11,10,6,11,10,6,11,10,16,13,14,16,17,14,13,11,22,19,20,21,17,17,12,11,6,9,9,3,9,7,2,2,2,0,2,2,1,0,0,1,0,0,0,1,0,1,0,0,0,0,0,0,0,0,0,0,0,0,0,0,0,0,0,0,0,0,0,0,0,0,0,0,0,0,0,0,0
0.9500000000000001,0,0,0,0,0,0,0,0,0,0,0,0,0,0,0,0,0,0,0,0,0,0,0,0,0,0,0,0,0,0,0,0,0,0,0,0,0,0,1,1,2,0,0,0,3,6,5,2,6,9,11,17,9,10,15,18,22,16,12,18,21,15,15,19,16,23,16,21,12,12,11,11,13,12,2,10,5,10,12,9,5,6,7,6,7,6,5,2,5,3,3,4,0,3,4,3,6,2,2,1,2,3,1,3,2,2,4,2,4,3,2,3,8,3,2,5,3,4,6,6,6,11,6,7,7,10,6,10,7,17,10,12,11,7,19,17,8,19,14,19,22,20,20,12,15,13,12,10,9,4,10,4,11,8,6,0,3,0,1,0,1,0,0,0,0,0,0,0,0,0,0,0,0,0,0,0,0,0,0,0,0,0,0,0,0,0,0,0,0,0,0,0,0,0,0,0,0,0,0,0
0.9600000000000001,0,0,0,0,0,0,0,0,0,0,0,0,0,0,0,0,0,0,0,0,0,0,0,0,0,0,0,0,0,0,0,0,0,0,0,0,0,1,0,0,1,1,0,0,4,3,5,5,9,4,7,11,11,12,15,6,12,18,17,26,14,13,16,12,18,18,10,13,20,13,16,10,7,16,9,8,4,11,9,9,6,7,8,8,5,4,8,4,6,2,6,3,4,7,4,3,7,3,2,1,5,1,4,7,4,2,4,7,3,4,9,3,2,4,4,6,6,1,6,8,10,6,7,4,10,12,9,9,10,12,7,21,20,12,18,13,17,15,18,13,13,19,11,16,15,17,17,7,4,7,5,7,5,4,2,2,0,2,0,0,0,0,1,0,1,0,0,0,0,0,0,0,0,0,0,0,0,0,0,0,0,0,0,0,0,0,0,0,0,0,0,0,0,0,0,0,0,0,0,0
0.97,0,0,0,0,0,0,0,0,0,0,0,0,0,0,0,0,0,0,0,0,0,0,0,0,0,0,0,0,0,0,0,0,0,0,0,1,0,2,0,0,1,1,2,1,1,1,4,3,6,6,8,11,10,9,15,21,18,16,13,12,26,14,17,15,17,17,12,18,13,12,20,10,8,9,11,7,4,7,9,10,5,10,6,12,5,4,3,3,2,5,8,4,6,3,3,2,4,2,1,3,2,4,1,5,2,5,2,1,6,0,6,1,6,2,6,8,2,7,3,6,7,7,9,6,9,13,8,13,13,13,18,16,13,24,12,13,12,18,21,22,20,18,9,10,14,18,18,8,6,5,5,5,3,2,3,2,0,1,1,0,1,0,0,0,0,0,0,0,0,0,0,0,0,0,0,0,0,0,0,0,0,0,0,0,0,0,0,0,0,0,0,0,0,0,0,0,0,0,0,0
0.98,0,0,0,0,0,0,0,0,0,0,0,0,0,0,0,0,0,0,0,0,0,0,0,0,0,0,0,0,0,0,0,0,0,0,0,0,0,0,1,0,1,2,2,0,0,1,3,4,3,9,10,7,17,19,10,13,10,14,14,15,8,14,17,20,19,18,16,11,11,15,12,8,13,13,11,7,13,10,9,6,6,8,7,5,5,5,2,4,6,1,5,2,1,2,2,2,0,6,3,3,3,4,5,3,2,4,4,6,3,1,1,7,4,9,5,11,6,5,9,8,12,9,6,8,10,4,9,12,12,14,17,13,22,10,17,15,22,18,12,22,15,15,13,17,10,7,12,13,14,3,9,5,3,6,5,0,4,2,1,1,0,0,0,0,0,0,0,0,0,0,0,0,0,0,0,0,0,0,0,0,0,0,0,0,0,0,0,0,0,0,0,0,0,0,0,0,0,0,0,0
0.99,0,0,0,0,0,0,0,0,0,0,0,0,0,0,0,0,0,0,0,0,0,0,0,0,0,0,0,0,0,0,0,0,0,0,0,0,0,0,1,2,0,0,1,4,2,2,2,3,6,10,12,8,10,14,12,15,18,16,17,11,18,17,15,14,14,17,15,13,6,11,14,11,5,13,14,11,5,5,12,6,7,9,6,3,7,4,1,4,3,4,4,4,5,4,5,0,1,3,1,2,5,4,0,5,3,0,4,2,6,2,3,5,5,6,5,7,7,10,5,5,8,6,8,8,11,17,10,9,8,15,11,9,10,13,15,18,19,21,22,12,19,25,20,17,16,16,5,13,6,11,6,5,6,4,6,3,0,2,0,2,0,0,0,0,0,0,0,0,0,0,0,0,0,0,0,0,0,0,0,0,0,0,0,0,0,0,0,0,0,0,0,0,0,0,0,0,0,0,0,0
1.0,0,0,0,0,0,0,0,0,0,0,0,0,0,0,0,0,0,0,0,0,0,0,0,0,0,0,0,0,0,0,0,0,0,0,0,0,0,0,0,0,2,0,3,3,0,4,4,7,6,5,5,5,13,14,10,16,13,12,18,19,20,18,23,16,19,18,11,17,14,12,12,14,12,10,18,8,7,6,11,8,7,2,2,8,4,4,4,5,2,3,5,3,4,2,1,4,2,3,2,3,2,2,0,2,3,5,3,3,6,4,5,1,4,2,4,6,12,9,7,4,9,5,11,5,9,12,12,17,14,13,13,18,15,11,13,17,5,19,19,18,14,12,20,10,19,16,11,4,9,6,13,5,4,4,3,1,3,0,1,1,0,0,1,1,0,0,0,0,0,0,0,0,0,0,0,0,0,0,0,0,0,0,0,0,0,0,0,0,0,0,0,0,0,0,0,0,0,0,0,0
1.01,0,0,0,0,0,0,0,0,0,0,0,0,0,0,0,0,0,0,0,0,0,0,0,0,0,0,0,0,0,0,0,0,0,0,0,0,1,0,0,0,0,2,0,2,8,4,2,7,8,6,7,7,13,11,13,28,9,17,17,13,30,21,17,12,14,18,21,18,14,12,13,5,13,13,6,16,13,9,4,7,7,6,7,3,3,3,2,5,3,5,0,5,3,0,1,7,5,3,4,3,2,6,3,8,5,3,5,1,2,5,3,3,5,7,2,6,8,4,7,4,12,11,9,7,11,11,11,10,6,19,11,11,7,17,13,14,11,16,12,20,16,11,14,13,16,10,8,10,14,5,5,5,1,4,4,2,4,2,1,0,1,0,0,0,0,0,0,0,0,0,0,0,0,0,0,0,0,0,0,0,0,0,0,0,0,0,0,0,0,0,0,0,0,0,0,0,0,0,0,0
1.02,0,0,0,0,0,0,0,0,0,0,0,0,0,0,0,0,0,0,0,0,0,0,0,0,0,0,0,0,0,0,0,0,0,0,0,0,0,0,0,1,1,2,0,3,1,3,3,8,8,3,10,9,4,13,12,19,20,17,16,20,18,16,14,16,15,11,10,13,12,16,9,12,12,7,10,11,10,14,7,9,5,4,8,4,8,8,3,1,3,6,6,3,7,5,7,5,4,4,3,1,6,2,1,2,4,5,5,2,3,5,4,5,4,3,4,4,4,1,15,9,6,8,6,5,11,12,12,10,7,4,15,14,15,14,13,23,13,14,26,18,9,18,17,15,9,10,12,16,13,4,9,8,5,5,0,0,1,1,1,3,0,0,0,0,0,0,0,0,0,0,0,0,0,0,0,0,0,0,0,0,0,0,0,0,0,0,0,0,0,0,0,0,0,0,0,0,0,0,0,0
1.03,0,0,0,0,0,0,0,0,0,0,0,0,0,0,0,0,0,0,0,0,0,0,0,0,0,0,0,0,0,0,0,0,0,0,0,0,0,0,1,1,0,0,3,2,1,4,0,5,4,4,11,9,14,15,13,9,19,15,21,9,17,19,22,21,15,10,23,11,14,14,9,11,14,10,12,12,7,12,10,8,10,6,3,2,3,3,2,0,4,4,2,4,7,3,5,5,6,1,3,4,1,0,1,3,2,3,5,6,3,3,3,4,10,7,6,8,7,4,6,9,4,2,4,7,17,3,11,8,8,17,17,16,15,12,18,18,13,17,20,15,12,17,20,12,13,15,13,8,10,7,11,6,3,4,2,1,1,1,1,1,0,0,0,0,0,1,0,0,0,0,0,0,0,0,0,0,0,0,0,0,0,0,0,0,0,0,0,0,0,0,0,0,0,0,0,0,0,0,0,0
1.04,0,0,0,0,0,0,0,0,0,0,0,0,0,0,0,0,0,0,0,0,0,0,0,0,0,0,0,0,0,0,0,0,0,0,0,0,0,0,1,0,1,1,2,3,2,2,4,7,10,5,4,14,11,14,21,10,24,10,17,21,17,13,17,21,24,21,18,10,18,10,8,5,11,6,11,8,2,10,3,6,7,5,4,10,4,3,5,2,4,7,5,3,2,7,0,3,2,4,3,3,5,2,2,3,5,3,3,2,1,8,2,4,6,6,5,4,5,7,5,6,6,9,11,7,14,4,12,9,11,10,9,20,16,11,16,16,15,18,16,12,19,13,16,19,15,14,7,13,12,8,8,8,4,4,2,0,3,0,0,1,1,0,0,0,0,1,0,0,0,0,0,0,0,0,0,0,0,0,0,0,0,0,0,0,0,0,0,0,0,0,0,0,0,0,0,0,0,0,0,0
1.05,0,0,0,0,0,0,0,0,0,0,0,0,0,0,0,0,0,0,0,0,0,0,0,0,0,0,0,0,0,0,0,0,0,0,0,0,0,1,0,0,1,1,1,0,1,3,2,5,4,10,9,12,12,7,22,6,19,15,19,17,16,18,11,17,17,11,16,14,13,13,10,12,9,13,9,11,13,6,8,7,5,8,3,4,3,5,6,3,6,5,4,4,6,4,3,1,5,3,3,7,3,2,3,6,1,4,2,5,6,6,2,6,6,9,6,1,3,6,3,10,6,6,12,9,8,10,13,7,8,14,11,8,16,12,14,17,16,15,17,22,14,15,15,14,14,10,22,11,13,7,8,4,4,5,2,4,3,0,2,3,0,0,0,0,0,0,0,0,0,0,0,0,0,0,0,0,0,0,0,0,0,0,0,0,0,0,0,0,0,0,0,0,0,0,0,0,0,0,0,0
1.06,0,0,0,0,0,0,0,0,0,0,0,0,0,0,0,0,0,0,0,0,0,0,0,0,0,0,0,0,0,0,0,0,0,0,0,0,0,0,3,1,0,0,0,0,2,4,3,1,10,7,4,7,7,8,13,11,18,21,24,18,15,21,20,20,28,20,18,13,16,13,17,16,8,14,12,8,7,11,6,3,7,6,3,7,5,4,4,5,3,4,5,3,2,5,4,4,0,3,4,3,4,3,7,2,2,7,5,4,5,4,4,5,7,5,5,11,6,7,2,7,1,7,4,9,7,8,7,10,14,11,6,15,17,7,20,19,15,12,16,19,18,9,10,15,12,12,12,10,12,8,6,8,5,2,1,1,0,1,3,0,0,0,0,0,0,0,0,0,0,0,0,0,0,0,0,0,0,0,0,0,0,0,0,0,0,0,0,0,0,0,0,0,0,0,0,0,0,0,0,0
1.07,0,0,0,0,0,0,0,0,0,0,0,0,0,0,0,0,0,0,0,0,0,0,0,0,0,0,0,0,0,0,0,0,0,0,0,0,0,0,1,0,0,2,0,1,0,5,3,8,6,8,10,9,9,6,9,12,15,16,18,15,13,16,11,17,18,7,13,24,13,12,12,13,15,11,7,13,14,13,4,2,6,6,5,4,8,6,6,4,6,1,4,5,5,5,3,3,4,2,3,5,4,4,4,5,2,6,2,4,5,7,8,5,4,2,2,6,4,8,13,7,10,9,5,8,10,7,11,12,13,6,18,14,14,10,17,13,17,12,17,21,17,18,9,12,12,16,7,12,12,10,10,7,6,0,4,4,0,2,2,0,1,0,1,0,0,0,0,0,0,0,0,0,0,0,0,0,0,0,0,0,0,0,0,0,0,0,0,0,0,0,0,0,0,0,0,0,0,0,0,0
1.08,0,0,0,0,0,0,0,0,0,0,0,0,0,0,0,0,0,0,0,0,0,0,0,0,0,0,0,0,0,0,0,0,0,0,0,1,0,0,1,1,0,2,1,0,4,1,1,5,11,7,8,9,13,17,21,16,17,16,11,10,18,17,17,13,14,17,20,10,17,18,15,17,15,14,11,12,6,6,5,9,5,3,5,6,8,2,4,2,5,3,3,2,2,6,3,5,2,2,4,1,4,7,2,3,2,4,1,4,6,5,5,6,4,5,5,8,6,6,6,5,10,6,5,13,17,7,9,8,17,10,8,12,13,15,10,14,14,17,26,16,10,14,12,11,12,14,10,12,9,4,8,6,7,1,4,2,1,1,1,2,0,1,0,0,0,0,0,0,0,0,0,0,0,0,0,0,0,0,0,0,0,0,0,0,0,0,0,0,0,0,0,0,0,0,0,0,0,0,0,0
1.09,0,0,0,0,0,0,0,0,0,0,0,0,0,0,0,0,0,0,0,0,0,0,0,0,0,0,0,0,0,0,0,0,0,0,0,0,0,0,0,0,1,0,1,2,3,6,3,6,8,13,9,6,10,13,10,9,21,12,14,22,16,23,19,17,20,21,13,12,13,15,16,7,11,12,9,3,8,8,6,6,3,5,5,6,2,6,5,5,4,7,3,5,4,4,3,5,4,4,2,2,5,6,3,2,1,9,3,3,6,3,6,10,4,3,5,2,11,9,8,7,9,10,6,10,5,8,4,9,12,14,17,14,15,14,10,17,13,14,23,11,16,12,16,15,8,16,14,8,5,6,10,5,8,0,4,0,0,4,1,0,1,1,0,0,0,0,1,0,0,0,0,0,0,0,0,0,0,0,0,0,0,0,0,0,0,0,0,0,0,0,0,0,0,0,0,0,0,0,0,0
1.1,0,0,0,0,0,0,0,0,0,0,0,0,0,0,0,0,0,0,0,0,0,0,0,0,0,0,0,0,0,0,0,0,0,0,0,0,0,1,0,1,1,1,1,3,2,1,7,7,3,5,10,6,11,11,9,11,11,16,12,18,14,16,16,13,16,20,16,12,17,11,16,12,7,6,9,8,6,7,8,8,3,8,6,9,9,2,6,4,6,4,4,6,3,4,3,5,4,5,2,5,1,8,5,5,4,4,9,5,2,5,6,3,5,3,5,7,3,5,8,9,9,9,5,14,14,11,16,13,13,11,13,11,17,13,14,10,17,8,17,12,14,21,16,12,11,17,10,10,12,7,4,1,5,6,5,6,2,2,2,0,1,0,1,0,1,0,1,0,0,0,0,0,0,0,0,0,0,0,0,0,0,0,0,0,0,0,0,0,0,0,0,0,0,0,0,0,0,0,0,0
1.11,0,0,0,0,0,0,0,0,0,0,0,0,0,0,0,0,0,0,0,0,0,0,0,0,0,0,0,0,0,0,0,0,0,0,0,0,0,1,0,0,1,2,2,2,2,2,3,7,6,8,9,10,12,7,15,10,12,16,15,10,15,10,22,16,11,17,9,15,16,18,11,7,13,13,11,8,10,7,9,4,6,7,5,7,5,7,6,4,3,0,9,3,6,3,5,4,3,1,3,5,3,2,2,3,7,2,2,2,1,3,6,7,3,6,2,2,7,5,7,9,9,8,11,14,14,7,22,13,12,16,14,9,20,13,20,21,16,13,15,15,16,13,16,10,7,8,10,11,9,9,10,7,6,2,3,4,3,2,2,2,0,0,0,1,0,0,0,0,0,0,0,0,0,0,0,0,0,0,0,0,0,0,0,0,0,0,0,0,0,0,0,0,0,0,0,0,0,0,0,0
1.12,0,0,0,0,0,0,0,0,0,0,0,0,0,0,0,0,0,0,0,0,0,0,0,0,0,0,0,0,0,0,0,0,0,0,0,0,0,0,0,0,1,0,1,3,4,4,2,9,1,7,7,6,13,12,10,7,21,19,13,13,15,16,17,14,19,18,10,13,14,8,5,12,10,14,9,12,10,4,8,7,9,9,2,5,6,4,3,2,11,3,4,7,2,3,3,5,2,5,3,3,2,5,2,5,1,2,4,5,9,4,7,6,10,3,4,4,4,10,11,7,9,5,13,9,6,9,6,10,10,16,7,17,18,19,19,17,14,18,12,21,12,18,22,8,11,12,10,9,12,8,8,7,4,4,3,2,3,6,0,0,1,0,0,0,0,0,1,0,0,0,0,0,0,0,0,0,0,0,0,0,0,0,0,0,0,0,0,0,0,0,0,0,0,0,0,0,0,0,0,0
1.1300000000000001,0,0,0,0,0,0,0,0,0,0,0,0,0,0,0,0,0,0,0,0,0,0,0,0,0,0,0,0,0,0,0,0,0,0,1,0,0,1,0,0,1,2,0,0,2,5,2,6,5,11,10,15,18,18,19,18,10,22,17,18,18,17,18,10,7,8,19,12,10,12,14,12,8,4,10,16,9,4,8,7,11,7,8,6,4,2,4,2,7,1,5,6,4,5,1,6,3,2,8,6,5,5,2,5,3,3,2,3,1,6,6,0,5,9,8,5,8,3,7,7,8,7,10,4,9,5,11,7,9,13,14,8,14,17,15,8,19,18,9,15,15,14,14,24,14,14,9,12,6,8,8,4,3,6,3,0,5,2,1,2,0,1,0,0,0,0,0,0,0,0,0,0,0,0,0,0,0,0,0,0,0,0,0,0,0,0,0,0,0,0,0,0,0,0,0,0,0,0,0,0
1.1400000000000001,0,0,0,0,0,0,0,0,0,0,0,0,0,0,0,0,0,0,0,0,0,0,0,0,0,0,0,0,0,0,0,0,0,0,0,0,0,0,0,1,3,1,3,2,5,2,8,5,8,7,11,9,6,9,9,16,13,15,9,14,20,28,11,14,13,22,16,10,13,7,16,11,10,12,10,10,13,10,4,10,5,7,4,9,4,8,5,5,7,7,2,5,3,6,6,5,4,1,3,0,6,4,3,2,2,4,2,5,5,4,2,8,4,6,4,2,6,1,3,9,8,9,5,7,10,5,12,10,8,11,17,12,14,13,14,17,22,26,16,19,17,15,14,10,18,14,4,8,13,5,6,4,4,4,2,4,3,0,1,2,1,0,1,1,0,0,0,0,0,0,0,0,0,0,0,0,0,0,0,0,0,0,0,0,0,0,0,0,0,0,0,0,0,0,0,0,0,0,0,0
1.1500000000000001,0,0,0,0,0,0,0,0,0,0,0,0,0,0,0,0,0,0,0,0,0,0,0,0,0,0,0,0,0,0,0,0,1,0,0,0,0,0,1,0,1,0,1,6,0,1,3,6,10,6,5,6,8,13,16,13,17,21,18,13,20,23,15,22,18,15,14,14,12,16,13,9,8,7,11,15,7,5,7,7,3,7,9,6,1,5,3,6,1,4,2,5,6,2,3,8,5,2,1,3,4,6,1,7,5,5,2,2,5,7,5,7,7,8,6,9,3,6,3,7,8,4,11,7,5,7,11,12,10,7,17,12,11,13,12,15,7,18,23,13,15,9,17,14,19,15,15,14,8,9,10,4,3,5,2,3,1,2,1,0,0,0,0,0,0,0,0,0,0,0,0,0,0,0,0,0,0,0,0,0,0,0,0,0,0,0,0,0,0,0,0,0,0,0,0,0,0,0,0,0
1.1600000000000001,0,0,0,0,0,0,0,0,0,0,0,0,0,0,0,0,0,0,0,0,0,0,0,0,0,0,0,0,0,0,0,0,0,0,0,0,0,1,0,1,1,1,2,2,3,3,2,4,7,9,7,5,14,8,13,15,13,19,11,10,11,8,14,17,12,19,12,11,14,10,11,11,13,9,10,5,12,9,5,9,5,8,7,6,7,8,7,5,4,5,8,4,5,5,1,5,2,4,5,7,1,2,5,2,6,7,4,2,7,5,2,3,3,5,5,8,8,3,6,4,6,7,10,9,7,11,10,11,17,10,7,19,10,16,20,10,10,17,14,17,17,23,20,20,23,12,9,12,10,7,3,6,9,5,2,1,1,4,1,1,3,1,1,0,1,0,0,1,0,0,0,0,0,0,0,0,0,0,0,0,0,0,0,0,0,0,0,0,0,0,0,0,0,0,0,0,0,0,0,0
1.17,0,0,0,0,0,0,0,0,0,0,0,0,0,0,0,0,0,0,0,0,0,0,0,0,0,0,0,0,0,0,0,0,0,0,0,1,0,0,0,0,1,1,2,1,3,5,4,10,12,4,9,8,14,14,12,11,10,17,15,10,14,11,19,21,17,17,17,12,13,6,14,9,10,15,15,10,8,6,4,10,9,5,6,1,4,7,1,9,2,7,5,2,6,2,3,3,6,1,5,3,3,3,6,8,5,4,0,6,8,1,6,7,7,4,5,3,5,8,1,12,5,9,7,9,13,12,12,12,12,13,20,16,10,8,10,17,11,19,17,15,24,11,10,16,18,12,7,8,3,12,2,9,4,0,4,1,3,3,4,1,0,0,0,0,0,0,0,0,0,0,0,0,0,0,0,0,0,0,0,0,0,0,0,0,0,0,0,0,0,0,0,0,0,0,0,0,0,0,0,0
1.18,0,0,0,0,0,0,0,0,0,0,0,0,0,0,0,0,0,0,0,0,0,0,0,0,0,0,0,0,0,0,0,0,0,0,0,0,0,1,0,2,2,2,1,1,2,3,4,5,6,7,8,5,10,14,13,18,17,15,18,15,16,13,12,21,14,7,16,13,15,9,14,14,10,11,10,13,8,11,10,5,12,6,12,9,3,2,3,3,8,4,9,4,5,7,3,3,4,2,4,6,3,3,7,3,4,2,4,1,1,7,5,6,6,2,4,3,7,6,7,8,6,7,6,15,11,9,10,14,12,7,7,13,15,19,15,21,9,20,16,19,19,16,12,13,11,12,10,9,8,6,6,3,4,3,2,3,1,2,0,0,0,0,0,0,0,0,0,0,0,0,0,0,0,0,0,0,0,0,0,0,0,0,0,0,0,0,0,0,0,0,0,0,0,0,0,0,0,0,0,0
1.19,0,0,0,0,0,0,0,0,0,0,0,0,0,0,0,0,0,0,0,0,0,0,0,0,0,0,0,0,0,0,0,0,0,0,0,0,0,0,0,0,0,2,0,3,2,5,5,5,4,11,12,7,11,6,13,17,10,13,13,16,10,11,16,16,21,15,11,20,10,9,21,12,15,8,9,9,6,3,14,10,4,6,8,8,6,3,1,2,4,11,4,3,2,6,8,2,5,2,5,2,3,3,2,4,1,11,1,1,4,6,6,3,2,6,5,8,6,3,5,6,5,3,12,8,8,15,11,13,12,13,12,10,12,14,14,19,16,19,11,15,13,14,21,22,11,11,11,11,7,9,11,12,4,4,4,4,0,2,3,3,1,0,0,0,1,0,0,0,0,0,0,0,0,0,0,0,0,0,0,0,0,0,0,0,0,0,0,0,0,0,0,0,0,0,0,0,0,0,0,0
1.2,0,0,0,0,0,0,0,0,0,0,0,0,0,0,0,0,0,0,0,0,0,0,0,0,0,0,0,0,0,0,0,0,0,0,1,0,0,0,1,1,0,2,2,3,5,4,4,9,8,13,10,10,12,16,11,14,14,14,14,15,12,17,20,12,13,10,13,13,15,5,13,9,11,14,15,10,10,8,8,10,12,13,5,7,7,6,14,6,2,5,5,3,2,6,2,5,6,4,1,3,2,3,2,3,4,5,6,5,6,2,2,10,4,3,6,11,3,8,8,6,8,6,6,12,8,9,8,6,6,12,14,12,4,8,17,15,12,18,19,12,14,11,12,13,12,10,8,9,10,11,9,9,7,5,2,6,2,2,0,1,0,0,0,0,0,0,1,0,0,0,0,0,0,0,0,0,0,0,0,0,0,0,0,0,0,0,0,0,0,0,0,0,0,0,0,0,0,0,0,0
1.21,0,0,0,0,0,0,0,0,0,0,0,0,0,0,0,0,0,0,0,0,0,0,0,0,0,0,0,0,0,0,0,0,0,0,0,0,0,0,0,1,1,0,2,3,2,0,2,9,10,3,10,9,4,10,8,8,20,11,17,11,17,11,19,18,12,12,9,14,12,13,10,10,13,8,10,8,10,12,8,9,5,11,8,5,7,6,5,6,5,7,4,3,8,8,4,3,2,6,4,2,3,3,6,3,4,1,7,2,3,4,5,9,6,5,9,2,3,4,7,7,9,6,9,8,10,10,11,14,15,15,10,13,6,10,9,13,13,16,17,16,16,17,17,12,14,14,16,16,17,10,8,10,9,7,3,0,3,2,1,0,0,0,0,0,0,0,0,0,0,0,0,0,0,0,0,0,0,0,0,0,0,0,0,0,0,0,0,0,0,0,0,0,0,0,0,0,0,0,0,0
1.22,0,0,0,0,0,0,0,0,0,0,0,0,0,0,0,0,0,0,0,0,0,0,0,0,0,0,0,0,0,0,0,0,0,0,0,0,0,0,1,0,2,2,4,0,1,3,10,1,11,9,16,12,10,6,12,21,11,12,17,9,19,17,20,15,13,15,20,11,15,13,13,12,11,8,8,14,8,7,12,5,9,6,7,9,3,6,4,5,6,7,5,7,4,2,7,3,5,3,1,6,3,0,2,6,3,3,4,6,9,3,6,6,0,10,3,3,5,5,5,12,11,4,8,6,6,12,9,11,4,14,7,5,10,11,14,17,17,12,21,9,12,9,13,13,12,14,15,10,15,7,12,8,5,4,2,2,4,5,1,1,0,2,0,1,0,0,0,0,0,0,0,0,0,0,0,0,0,0,0,0,0,0,0,0,0,0,0,0,0,0,0,0,0,0,0,0,0,0,0,0
1.23,0,0,0,0,0,0,0,0,0,0,0,0,0,0,0,0,0,0,0,0,0,0,0,0,0,0,0,0,0,0,0,0,0,0,1,0,1,1,0,0,1,1,3,2,1,3,7,4,6,6,8,6,13,11,9,16,15,13,15,8,13,20,12,16,11,18,15,10,22,17,11,14,9,9,10,8,12,5,8,11,4,7,7,12,7,7,10,5,6,1,3,5,5,5,5,3,1,4,4,1,6,4,5,3,2,6,8,2,2,8,1,8,7,6,6,6,4,6,8,8,13,6,8,7,8,15,4,11,11,14,9,15,14,14,24,17,8,15,13,17,13,13,11,17,10,14,10,10,7,8,3,5,4,2,5,3,3,5,2,1,1,0,0,0,0,0,0,0,0,0,0,0,0,0,0,0,0,0,0,0,0,0,0,0,0,0,0,0,0,0,0,0,0,0,0,0,0,0,0,0
1.24,0,0,0,0,0,0,0,0,0,0,0,0,0,0,0,0,0,0,0,0,0,0,0,0,0,0,0,0,0,0,0,0,0,0,1,0,0,1,0,2,3,2,3,3,0,4,7,2,5,7,9,8,11,14,13,15,7,16,23,15,14,12,15,17,10,12,14,12,17,20,11,13,12,17,7,7,7,12,5,7,5,4,7,7,8,5,8,4,2,9,2,4,2,3,5,1,5,4,7,4,4,5,7,6,2,0,5,3,9,1,4,6,5,2,2,9,6,9,6,9,7,7,7,9,7,8,8,11,10,12,22,14,13,21,15,18,12,10,12,16,13,15,11,14,12,8,5,8,12,9,6,8,5,5,7,3,4,3,2,0,1,2,0,0,0,0,0,0,0,0,0,0,0,0,0,0,0,0,0,0,0,0,0,0,0,0,0,0,0,0,0,0,0,0,0,0,0,0,0,0
1.25,0,0,0,0,0,0,0,0,0,0,0,0,0,0,0,0,0,0,0,0,0,0,0,0,0,0,0,0,0,0,0,0,0,0,0,0,0,1,0,2,2,2,1,1,0,2,9,10,5,10,7,7,11,11,8,11,16,16,10,14,17,12,15,13,14,18,19,20,13,14,13,8,14,7,11,8,6,10,2,7,5,7,4,6,6,8,8,5,4,5,10,7,2,2,8,0,5,3,2,5,7,5,4,2,3,6,5,3,6,5,2,8,6,8,2,6,8,3,5,8,6,10,11,13,8,7,14,10,9,11,14,17,6,16,12,20,18,15,10,11,12,20,14,14,10,8,8,9,9,15,5,7,6,6,3,5,3,2,1,3,0,0,0,1,0,0,0,0,0,0,0,0,0,0,0,0,0,0,0,0,0,0,0,0,0,0,0,0,0,0,0,0,0,0,0,0,0,0,0,0
1.26,0,0,0,0,0,0,0,0,0,0,0,0,0,0,0,0,0,0,0,0,0,0,0,0,0,0,0,0,0,0,0,0,0,0,0,0,0,0,1,0,0,2,3,3,5,5,0,7,8,12,9,6,4,11,15,13,10,13,10,16,13,14,17,15,19,12,10,19,11,10,6,11,11,8,5,9,9,8,4,3,5,4,3,12,5,4,2,5,6,4,5,6,10,1,6,3,2,6,7,3,7,2,3,3,7,2,5,2,5,12,5,6,4,9,2,8,7,5,8,11,7,7,7,3,13,8,6,12,12,16,18,22,17,18,14,9,10,14,12,19,18,14,17,14,18,12,8,11,12,7,9,6,10,4,3,5,2,1,1,0,2,3,0,0,0,0,0,0,0,0,0,0,0,0,0,0,0,0,0,0,0,0,0,0,0,0,0,0,0,0,0,0,0,0,0,0,0,0,0,0
1.27,0,0,0,0,0,0,0,0,0,0,0,0,0,0,0,0,0,0,0,0,0,0,0,0,0,0,0,0,0,0,0,0,0,0,0,0,0,0,1,0,1,1,0,6,1,8,4,3,4,6,12,11,5,16,18,21,8,15,20,10,15,13,14,14,18,13,15,10,16,13,12,11,13,6,12,7,9,4,5,7,11,12,3,3,1,2,4,7,7,3,5,3,2,4,4,3,3,5,2,5,3,2,4,5,3,4,3,8,2,6,3,4,9,4,7,5,9,11,8,5,6,3,11,13,7,6,18,6,11,19,17,18,13,12,13,9,9,11,19,14,17,25,13,13,11,7,11,10,7,5,5,11,6,8,7,3,3,4,1,2,2,0,0,1,1,0,0,0,0,0,0,0,0,0,0,0,0,0,0,0,0,0,0,0,0,0,0,0,0,0,0,0,0,0,0,0,0,0,0,0
1.28,0,0,0,0,0,0,0,0,0,0,0,0,0,0,0,0,0,0,0,0,0,0,0,0,0,0,0,0,0,0,0,0,0,0,0,0,0,0,0,1,1,3,2,6,1,6,6,5,9,6,10,12,8,10,8,10,16,14,11,13,18,17,7,10,13,18,17,10,14,17,10,9,8,12,10,7,7,8,9,10,4,10,6,7,7,4,9,4,5,5,3,1,2,3,3,2,6,3,6,6,5,2,12,2,4,9,1,2,4,5,4,7,7,7,5,4,8,9,3,14,6,10,12,14,9,10,10,6,9,9,17,11,11,9,11,22,23,14,13,13,25,11,14,10,16,11,11,6,11,13,7,5,2,9,2,1,3,4,0,0,1,0,0,0,0,0,0,0,0,0,0,0,0,0,0,0,0,0,0,0,0,0,0,0,0,0,0,0,0,0,0,0,0,0,0,0,0,0,0,0
1.29,0,0,0,0,0,0,0,0,0,0,0,0,0,0,0,0,0,0,0,0,0,0,0,0,0,0,0,0,0,0,0,0,0,1,0,0,2,1,0,0,0,3,3,4,6,5,4,3,4,7,9,9,12,5,13,12,13,16,11,14,16,14,16,20,10,24,14,15,11,12,12,18,15,7,16,18,9,11,9,5,7,6,11,2,4,6,3,11,4,4,12,6,4,4,4,3,3,6,4,4,1,4,2,7,4,7,2,1,3,3,8,3,8,5,6,5,8,8,9,4,8,6,7,6,5,7,6,17,12,17,11,20,14,14,9,16,17,15,18,11,9,14,7,9,13,10,6,11,7,8,7,1,6,3,7,5,1,2,0,1,0,1,1,0,0,0,0,0,0,0,0,0,0,0,0,0,0,0,0,0,0,0,0,0,0,0,0,0,0,0,0,0,0,0,0,0,0,0,0,0
1.3,0,0,0,0,0,0,0,0,0,0,0,0,0,0,0,0,0,0,0,0,0,0,0,0,0,0,0,0,0,0,0,0,0,0,0,0,0,1,1,0,0,1,2,1,2,4,7,3,3,2,12,8,10,13,10,10,13,12,14,10,13,12,8,14,21,16,11,12,14,11,13,16,13,7,12,11,14,5,8,9,1,7,8,4,5,4,2,7,5,6,7,5,4,6,6,1,4,3,3,3,5,6,6,4,4,4,7,4,1,9,9,3,7,3,7,7,7,4,7,10,10,5,8,3,16,17,9,4,13,14,19,10,15,12,22,18,19,6,15,22,19,14,10,14,17,16,7,7,14,7,6,3,2,2,3,9,1,2,2,1,0,0,2,1,0,0,0,0,0,0,0,0,0,0,0,0,0,0,0,0,0,0,0,0,0,0,0,0,0,0,0,0,0,0,0,0,0,0,0,0
1.31,0,0,0,0,0,0,0,0,0,0,0,0,0,0,0,0,0,0,0,0,0,0,0,0,0,0,0,0,0,0,0,0,0,0,1,0,2,0,0,0,3,4,1,1,6,4,6,7,6,4,10,5,12,6,11,10,13,14,25,15,11,12,11,16,15,16,12,14,17,9,15,11,9,7,8,14,9,8,14,5,12,2,6,7,7,9,4,3,8,4,8,1,7,4,3,1,8,4,2,5,4,5,7,2,3,4,2,1,6,3,4,9,13,5,6,6,8,5,4,7,8,11,8,11,8,15,7,12,9,16,12,8,11,17,19,14,13,16,18,9,15,12,10,12,15,10,11,8,8,8,6,5,5,8,5,2,3,0,0,1,3,2,1,0,0,0,0,0,0,0,0,0,0,0,0,0,0,0,0,0,0,0,0,0,0,0,0,0,0,0,0,0,0,0,0,0,0,0,0,0
1.32,0,0,0,0,0,0,0,0,0,0,0,0,0,0,0,0,0,0,0,0,0,0,0,0,0,0,0,0,0,0,0,0,0,0,0,0,1,0,0,1,1,0,5,3,3,4,7,4,7,11,9,10,12,8,14,11,14,13,15,15,6,11,18,16,16,8,15,11,17,21,12,10,14,9,13,10,5,8,7,9,5,7,4,5,10,3,7,2,7,10,6,4,4,5,6,4,4,2,5,2,1,3,6,2,4,3,3,4,4,4,8,10,3,9,2,6,9,6,6,10,10,6,5,9,9,6,14,13,12,10,15,11,12,15,11,15,13,11,19,23,14,14,16,10,9,8,8,14,5,9,7,6,7,8,1,1,6,2,1,2,4,0,0,0,0,0,0,0,0,0,0,0,0,0,0,0,0,0,0,0,0,0,0,0,0,0,0,0,0,0,0,0,0,0,0,0,0,0,0,0
1.33,0,0,0,0,0,0,0,0,0,0,0,0,0,0,0,0,0,0,0,0,0,0,0,0,0,0,0,0,0,0,0,0,0,0,0,0,0,0,1,0,1,1,3,1,7,5,5,3,5,4,6,8,12,8,6,11,20,9,21,13,12,14,18,11,14,12,13,15,11,13,14,9,10,11,10,5,10,6,7,2,13,10,10,7,8,4,6,4,5,3,2,7,2,2,5,8,4,6,2,5,5,6,6,4,5,1,4,3,6,7,9,4,2,4,9,5,6,8,3,11,12,6,12,9,11,9,18,11,10,12,13,16,15,21,15,15,14,11,12,9,12,14,17,17,13,14,13,10,5,5,7,7,7,5,5,4,3,0,0,1,0,0,0,1,0,0,0,1,0,0,0,0,0,0,0,0,0,0,0,0,0,0,0,0,0,0,0,0,0,0,0,0,0,0,0,0,0,0,0,0
1.34,0,0,0,0,0,0,0,0,0,0,0,0,0,0,0,0,0,0,0,0,0,0,0,0,0,0,0,0,0,0,0,0,0,0,0,1,1,0,1,0,1,2,0,7,3,1,3,8,2,14,10,5,14,14,8,13,5,14,11,9,21,13,12,9,15,21,15,14,12,14,10,11,12,12,11,7,8,4,7,12,11,6,6,7,4,4,8,7,6,4,5,5,3,7,9,9,5,3,4,4,3,1,5,5,5,3,3,5,6,4,5,3,3,5,6,9,7,6,3,2,16,11,5,14,13,14,11,7,12,12,14,15,8,12,12,12,11,16,15,15,15,14,13,17,13,7,10,11,12,13,6,6,2,5,5,4,0,2,2,2,1,2,0,0,0,0,0,0,0,0,0,0,0,0,0,0,0,0,0,0,0,0,0,0,0,0,0,0,0,0,0,0,0,0,0,0,0,0,0,0
1.35,0,0,0,0,0,0,0,0,0,0,0,0,0,0,0,0,0,0,0,0,0,0,0,0,0,0,0,0,0,0,0,0,0,1,1,0,1,0,1,0,1,3,4,2,2,3,4,6,6,5,11,10,7,18,10,12,16,13,15,13,16,13,16,8,13,18,11,16,15,10,14,16,11,5,12,11,5,7,7,11,4,10,9,8,6,8,3,5,6,4,4,3,5,3,1,8,3,4,4,2,7,7,7,2,5,5,7,5,0,5,5,6,9,3,5,3,3,6,8,6,8,11,9,13,8,9,7,14,13,10,15,11,14,8,14,18,15,14,16,13,22,17,12,16,12,10,14,7,11,6,6,2,4,2,3,2,1,1,2,2,1,1,1,1,0,0,0,0,0,0,0,0,0,0,0,0,0,0,0,0,0,0,0,0,0,0,0,0,0,0,0,0,0,0,0,0,0,0,0,0
1.36,0,0,0,0,0,0,0,0,0,0,0,0,0,0,0,0,0,0,0,0,0,0,0,0,0,0,0,0,0,0,0,0,0,0,0,0,0,0,1,0,2,4,3,2,2,3,7,7,7,7,9,11,7,10,19,8,13,15,13,11,19,20,18,16,16,14,16,12,22,11,6,9,4,10,11,6,10,10,7,3,7,5,2,3,5,4,8,7,5,3,3,5,5,3,4,4,5,4,6,5,2,3,2,4,8,7,6,8,3,6,6,6,7,3,2,1,4,9,11,7,7,3,10,13,11,7,14,16,9,5,12,14,21,11,10,15,19,12,12,12,21,17,15,11,11,12,7,18,9,8,9,4,2,7,2,1,2,3,3,2,3,0,0,1,0,0,0,0,0,0,0,0,0,0,0,0,0,0,0,0,0,0,0,0,0,0,0,0,0,0,0,0,0,0,0,0,0,0,0,0
1.37,0,0,0,0,0,0,0,0,0,0,0,0,0,0,0,0,0,0,0,0,0,0,0,0,0,0,0,0,0,0,0,1,0,0,0,0,0,0,1,0,1,2,3,1,3,4,6,4,7,5,10,7,8,15,13,13,11,10,12,17,11,13,19,15,17,28,10,14,14,10,6,17,9,12,13,8,6,8,9,5,2,3,6,4,5,6,2,6,5,6,1,5,7,1,4,4,3,2,5,4,4,3,7,8,4,7,5,5,9,3,1,8,3,9,10,4,6,7,6,9,7,6,12,9,11,9,13,10,17,12,11,11,20,16,12,12,9,11,17,18,15,11,14,11,15,9,13,14,7,6,10,8,6,1,6,1,3,4,2,2,0,0,1,0,1,0,0,0,0,0,0,0,0,0,0,0,0,0,0,0,0,0,0,0,0,0,0,0,0,0,0,0,0,0,0,0,0,0,0,0
1.3800000000000001,0,0,0,0,0,0,0,0,0,0,0,0,0,0,0,0,0,0,0,0,0,0,0,0,0,0,0,0,0,0,0,0,0,0,0,0,0,0,1,0,1,1,1,4,2,7,10,4,11,10,11,7,6,18,15,15,9,19,11,10,19,14,13,17,13,14,14,33,10,13,8,14,20,14,13,4,8,5,5,3,10,5,5,7,2,4,2,6,5,4,4,3,8,3,4,6,7,3,3,1,7,3,3,5,5,6,10,1,7,4,3,5,5,5,5,9,10,9,4,10,9,4,7,7,10,12,8,6,9,10,9,15,9,16,12,10,17,10,11,17,13,9,10,16,12,10,16,10,7,18,6,6,7,4,3,1,3,1,1,2,1,0,0,0,1,0,0,0,0,0,0,0,0,0,0,0,0,0,0,0,0,0,0,0,0,0,0,0,0,0,0,0,0,0,0,0,0,0,0,0
1.3900000000000001,0,0,0,0,0,0,0,0,0,0,0,0,0,0,0,0,0,0,0,0,0,0,0,0,0,0,0,0,0,0,0,0,1,1,0,0,0,0,1,4,2,0,3,3,1,2,4,10,6,5,8,9,7,13,12,12,11,13,15,14,9,18,15,10,11,9,12,17,15,15,13,8,18,12,13,8,4,9,11,8,8,8,5,10,5,8,5,9,6,4,7,3,5,7,7,7,4,7,3,2,1,2,2,7,3,7,7,1,3,3,4,4,4,2,3,9,8,9,8,10,3,9,9,8,13,13,13,10,13,10,9,15,19,10,17,14,23,16,16,7,13,9,13,14,9,10,10,10,11,7,7,2,3,1,5,3,4,3,1,5,2,1,0,0,1,0,0,0,0,0,0,0,0,0,0,0,0,0,0,0,0,0,0,0,0,0,0,0,0,0,0,0,0,0,0,0,0,0,0,0
1.4000000000000001,0,0,0,0,0,0,0,0,0,0,0,0,0,0,0,0,0,0,0,0,0,0,0,0,0,0,0,0,0,0,0,0,0,0,0,0,0,1,1,2,2,1,3,3,7,5,4,5,8,14,6,12,10,11,8,10,14,7,10,8,21,5,15,16,19,15,11,20,11,10,12,6,11,16,14,12,6,10,7,7,9,4,2,5,10,6,4,7,3,3,9,7,4,3,7,7,5,2,6,7,4,6,5,10,4,1,8,5,3,4,1,6,6,5,10,7,5,8,9,8,9,5,9,6,11,6,9,11,14,14,9,10,11,11,16,20,14,14,15,12,11,11,14,21,10,16,9,7,8,8,8,9,7,5,1,2,1,1,1,0,0,0,1,1,1,0,0,0,0,0,0,0,0,0,0,0,0,0,0,0,0,0,0,0,0,0,0,0,0,0,0,0,0,0,0,0,0,0,0,0
1.4100000000000001,0,0,0,0,0,0,0,0,0,0,0,0,0,0,0,0,0,0,0,0,0,0,0,0,0,0,0,0,0,0,0,0,0,0,1,0,0,2,0,0,0,0,4,1,3,3,3,4,5,4,10,11,8,13,13,12,18,7,9,16,11,13,24,13,14,12,11,8,10,11,15,14,12,13,11,10,8,9,6,5,9,3,4,10,7,7,4,7,8,1,5,6,5,6,4,4,5,3,3,5,6,2,5,6,6,2,7,4,3,5,6,5,5,4,6,6,8,3,7,8,12,8,11,14,9,8,14,10,13,16,11,9,18,8,16,11,13,10,13,17,10,21,7,15,21,13,11,6,8,9,8,7,8,6,5,5,3,1,3,2,2,0,0,1,0,0,0,0,0,0,0,0,0,0,0,0,0,0,0,0,0,0,0,0,0,0,0,0,0,0,0,0,0,0,0,0,0,0,0,0
1.42,0,0,0,0,0,0,0,0,0,0,0,0,0,0,0,0,0,0,0,0,0,0,0,0,0,0,0,0,0,0,0,0,0,0,0,0,0,0,1,1,2,0,3,3,5,8,5,8,7,7,9,11,11,13,15,13,12,6,12,9,12,16,15,19,5,15,16,12,12,13,14,8,10,10,17,13,8,3,6,2,10,4,9,13,8,6,5,10,2,4,2,6,4,6,3,6,6,2,4,4,7,6,4,7,5,5,3,3,5,4,7,5,5,3,5,10,8,7,3,11,5,7,6,14,10,9,12,13,11,8,11,13,13,7,14,14,10,12,10,14,15,9,15,19,11,18,9,11,13,8,5,11,4,7,2,3,0,3,3,2,1,0,2,0,2,0,0,0,0,0,0,0,0,0,0,0,0,0,0,0,0,0,0,0,0,0,0,0,0,0,0,0,0,0,0,0,0,0,0,0
1.43,0,0,0,0,0,0,0,0,0,0,0,0,0,0,0,0,0,0,0,0,0,0,0,0,0,0,0,0,0,0,0,0,0,1,0,1,1,1,3,1,1,3,2,2,6,6,7,3,13,13,4,14,14,10,13,10,16,9,14,20,18,18,14,20,14,13,14,13,5,12,12,14,12,10,9,10,6,10,5,8,6,6,5,5,9,8,7,1,7,6,3,6,5,3,4,5,3,3,2,7,5,5,7,6,3,2,2,7,2,7,1,8,5,4,4,4,8,4,3,6,7,13,7,11,8,12,11,10,15,6,11,15,9,15,12,10,15,12,10,14,14,11,13,16,11,13,12,13,11,6,7,4,5,4,3,5,3,1,2,1,2,0,1,0,0,0,0,0,0,0,0,0,0,0,0,0,0,0,0,0,0,0,0,0,0,0,0,0,0,0,0,0,0,0,0,0,0,0,0,0
1.44,0,0,0,0,0,0,0,0,0,0,0,0,0,0,0,0,0,0,0,0,0,0,0,0,0,0,0,1,0,0,0,0,0,0,1,1,0,1,1,0,3,3,1,0,5,4,3,11,6,7,13,8,9,16,20,13,9,13,14,14,21,16,15,10,16,14,11,11,10,12,13,7,16,10,6,4,7,7,4,9,13,11,13,6,8,8,6,6,8,2,3,4,8,3,8,7,4,4,4,4,6,5,4,9,5,4,4,3,5,3,1,5,7,6,9,7,5,7,7,5,9,7,12,10,6,7,11,14,10,9,16,13,14,14,12,8,10,17,18,14,13,11,9,15,10,9,10,5,7,6,8,6,4,5,3,3,2,5,2,0,0,0,3,0,0,0,0,0,0,0,0,0,0,0,0,0,0,0,0,0,0,0,0,0,0,0,0,0,0,0,0,0,0,0,0,0,0,0,0,0
1.45,0,0,0,0,0,0,0,0,0,0,0,0,0,0,0,0,0,0,0,0,0,0,0,0,0,0,0,0,0,0,0,0,0,0,0,0,0,0,2,2,0,4,0,3,5,3,4,2,9,8,8,9,11,9,13,11,16,11,8,10,9,20,19,18,16,9,9,15,9,15,11,7,7,16,5,14,10,7,10,6,10,7,4,12,6,9,3,10,6,12,7,3,6,8,6,4,1,5,4,6,10,5,5,4,6,6,2,5,5,4,7,5,2,2,4,4,4,7,9,7,2,6,8,8,8,12,7,12,7,12,18,8,7,16,15,17,18,11,8,11,20,14,7,13,18,8,14,10,10,6,7,11,7,2,3,10,5,2,2,1,0,0,3,1,0,2,0,0,0,1,0,0,0,0,0,0,0,0,0,0,0,0,0,0,0,0,0,0,0,0,0,0,0,0,0,0,0,0,0,0
1.46,0,0,0,0,0,0,0,0,0,0,0,0,0,0,0,0,0,0,0,0,0,0,0,0,0,0,0,0,0,0,0,0,0,0,0,0,0,1,2,1,1,2,3,5,2,6,3,1,1,8,5,5,8,15,12,24,8,13,17,14,7,13,15,17,12,10,8,12,7,11,9,12,14,11,3,9,11,11,11,10,2,6,7,7,6,1,5,9,6,6,2,8,6,6,7,2,7,8,4,3,3,7,3,4,5,9,3,4,2,2,8,8,6,0,5,12,3,7,14,11,7,8,7,11,5,9,9,16,17,8,15,11,13,16,16,16,12,13,18,16,18,12,20,6,10,21,9,11,9,8,9,6,3,4,3,3,4,4,0,1,2,0,0,0,0,0,0,0,0,0,0,0,0,0,0,0,0,0,0,0,0,0,0,0,0,0,0,0,0,0,0,0,0,0,0,0,0,0,0,0
1.47,0,0,0,0,0,0,0,0,0,0,0,0,0,0,0,0,0,0,0,0,0,0,0,0,0,0,0,0,0,0,0,0,1,0,0,1,0,2,1,0,1,2,5,3,2,2,4,8,10,7,8,6,10,7,7,9,10,10,14,13,13,13,12,6,13,12,12,8,7,16,16,11,11,10,7,13,6,12,10,10,5,7,6,3,8,9,3,9,2,5,6,6,3,1,6,4,2,9,6,2,4,6,7,7,5,10,6,4,6,3,7,4,4,6,3,6,7,8,6,9,13,3,10,5,11,12,17,9,12,10,16,13,21,14,17,21,14,15,6,12,12,11,10,17,15,13,8,17,12,11,5,6,4,7,6,4,3,1,3,1,1,0,0,0,0,1,0,0,0,0,0,0,0,0,0,0,0,0,0,0,0,0,0,0,0,0,0,0,0,0,0,0,0,0,0,0,0,0,0,0
1.48,0,0,0,0,0,0,0,0,0,0,0,0,0,0,0,0,0,0,0,0,0,0,0,0,0,0,0,0,0,0,0,0,0,0,1,0,0,0,1,0,2,4,2,3,6,3,4,11,7,11,6,7,7,12,11,8,11,7,14,13,12,10,14,17,12,10,15,15,13,20,12,16,13,11,9,8,8,6,10,7,6,8,3,10,9,11,1,6,3,2,7,3,7,3,4,8,3,4,2,5,4,3,5,4,8,3,10,7,7,3,2,7,7,4,7,6,11,7,6,13,3,7,9,8,8,7,8,8,10,11,19,12,12,15,14,16,8,19,15,14,12,9,11,15,8,8,7,12,13,18,9,3,8,4,1,4,4,3,1,3,2,0,1,0,0,1,0,1,1,0,0,0,0,0,0,0,0,0,0,0,0,0,0,0,0,0,0,0,0,0,0,0,0,0,0,0,0,0,0,0
1.49,0,0,0,0,0,0,0,0,0,0,0,0,0,0,0,0,0,0,0,0,0,0,0,0,0,0,0,0,0,0,0,0,0,0,1,1,1,1,3,0,1,3,2,2,2,2,7,6,9,11,8,10,4,11,8,13,13,21,19,16,10,13,9,16,12,15,12,19,14,6,15,8,9,8,10,5,10,8,9,9,11,10,4,2,7,3,7,4,6,8,10,4,2,7,5,1,2,4,2,7,2,5,5,4,6,5,5,7,5,5,6,5,3,5,8,8,9,6,4,7,5,14,5,12,5,9,12,11,6,4,11,15,10,16,17,15,17,17,21,14,13,15,17,12,15,10,14,6,4,12,3,5,8,3,5,1,3,3,2,0,4,0,0,0,0,0,0,1,0,0,0,0,0,0,0,0,0,0,0,0,0,0,0,0,0,0,0,0,0,0,0,0,0,0,0,0,0,0,0,0
1.5,0,0,0,0,0,0,0,0,0,0,0,0,0,0,0,0,0,0,0,0,0,0,0,0,0,0,0,0,0,0,0,0,0,0,1,2,1,0,2,3,2,3,1,6,0,6,7,5,7,8,7,2,14,12,16,12,19,11,13,20,12,15,15,16,15,17,20,6,15,18,12,11,9,4,10,9,9,6,6,7,3,5,6,8,7,4,5,9,4,8,5,2,5,4,4,5,5,3,6,2,7,2,1,4,6,10,4,1,5,4,5,5,8,3,6,0,12,5,6,7,6,12,14,8,12,15,13,16,11,14,12,11,7,13,12,12,15,11,13,12,7,14,9,13,11,14,12,10,6,7,7,6,7,7,4,3,2,0,1,3,2,1,1,1,0,0,0,0,0,0,0,0,0,0,0,0,0,0,0,0,0,0,0,0,0,0,0,0,0,0,0,0,0,0,0,0,0,0,0,0
1.51,0,0,0,0,0,0,0,0,0,0,0,0,0,0,0,0,0,0,0,0,0,0,0,0,0,0,0,0,0,0,0,1,0,0,0,0,0,1,0,1,1,0,1,2,5,5,9,5,10,14,5,12,11,10,13,13,15,16,15,14,13,16,20,13,14,9,14,12,16,10,13,9,10,12,11,11,5,3,7,5,13,6,7,6,4,6,4,5,4,8,7,4,2,1,1,4,4,4,2,4,5,4,7,3,2,4,6,2,4,6,2,5,2,8,6,5,9,3,4,7,5,9,5,7,10,7,9,12,12,10,6,11,8,15,20,12,18,18,12,14,24,12,20,13,5,12,8,12,12,8,9,3,9,4,8,6,12,4,0,3,1,0,1,1,0,0,0,1,0,0,0,0,0,0,0,0,0,0,0,0,0,0,0,0,0,0,0,0,0,0,0,0,0,0,0,0,0,0,0,0
1.52,0,0,0,0,0,0,0,0,0,0,0,0,0,0,0,0,0,0,0,0,0,0,0,0,0,0,0,0,0,0,0,0,0,0,0,1,0,0,0,1,2,4,3,4,4,2,9,11,6,9,9,11,14,12,10,14,10,15,12,12,9,11,13,13,18,11,16,4,5,11,14,14,11,6,12,7,5,11,12,9,1,13,7,5,6,6,2,6,2,4,3,9,8,6,7,5,3,3,1,7,3,5,9,3,10,5,5,10,3,6,11,7,7,6,4,6,8,9,9,10,12,10,10,4,6,9,12,7,7,13,12,9,9,14,15,22,10,16,12,11,14,8,10,10,13,16,8,14,12,5,4,8,6,3,8,2,2,1,4,0,1,1,0,2,0,0,0,0,0,0,1,0,0,0,0,0,0,0,0,0,0,0,0,0,0,0,0,0,0,0,0,0,0,0,0,0,0,0,0,0
1.53,0,0,0,0,0,0,0,0,0,0,0,0,0,0,0,0,0,0,0,0,0,0,0,0,0,0,0,0,0,0,0,1,0,0,0,2,0,0,2,1,1,2,2,1,2,1,5,4,7,6,8,6,13,11,9,9,17,12,13,17,15,14,10,14,11,12,18,10,16,12,9,14,14,10,14,7,8,12,11,10,4,8,5,6,5,5,10,10,7,4,6,8,5,8,5,9,8,3,8,3,1,8,8,4,9,2,11,6,3,8,6,6,7,6,5,5,6,5,6,3,5,2,8,3,12,13,4,11,18,9,12,11,13,12,11,8,12,8,12,15,11,13,18,15,17,12,8,10,12,10,7,5,6,4,2,4,3,4,2,1,0,1,0,0,0,0,1,0,0,0,0,0,0,0,0,0,0,0,0,0,0,0,0,0,0,0,0,0,0,0,0,0,0,0,0,0,0,0,0,0
1.54,0,0,0,0,0,0,0,0,0,0,0,0,0,0,0,0,0,0,0,0,0,0,0,0,0,0,0,0,0,0,0,0,0,1,0,0,0,2,0,1,2,0,4,4,4,3,2,5,10,10,4,6,12,14,8,9,10,10,13,7,9,23,19,9,15,16,15,17,10,9,12,17,10,6,15,8,9,10,5,11,8,13,8,8,4,7,10,4,2,10,3,5,7,4,6,7,3,5,2,5,4,4,4,5,6,2,7,1,4,5,5,7,1,5,8,7,6,8,8,9,3,10,12,6,10,7,7,10,12,14,7,8,9,22,10,11,17,17,9,14,15,13,11,16,9,11,11,7,12,10,10,9,10,7,3,2,3,4,2,1,2,0,2,0,1,0,1,0,0,0,0,0,0,0,0,0,0,0,0,0,0,0,0,0,0,0,0,0,0,0,0,0,0,0,0,0,0,0,0,0
1.55,0,0,0,0,0,0,0,0,0,0,0,0,0,0,0,0,0,0,0,0,0,0,0,0,0,0,0,0,0,0,0,0,0,0,0,0,0,1,0,0,2,0,1,2,2,4,7,6,6,4,8,6,11,7,10,12,11,15,10,19,8,13,13,13,17,15,14,7,8,10,11,5,7,13,8,9,4,19,7,8,12,6,6,2,8,7,7,4,7,5,6,4,8,4,6,7,6,4,4,3,7,4,5,5,2,6,3,4,2,5,7,8,8,9,6,9,5,11,5,11,7,9,4,11,11,14,13,11,13,17,20,14,16,11,20,13,14,10,11,13,16,14,16,9,11,12,11,12,7,8,6,2,3,6,5,1,3,5,5,1,0,1,0,1,0,0,0,1,1,0,0,0,0,0,0,0,0,0,0,0,0,0,0,0,0,0,0,0,0,0,0,0,0,0,0,0,0,0,0,0
1.56,0,0,0,0,0,0,0,0,0,0,0,0,0,0,0,0,0,0,0,0,0,0,0,0,0,0,0,0,0,0,0,0,0,1,0,0,0,1,2,1,1,1,3,1,6,3,6,7,3,5,15,11,9,10,6,9,13,12,11,9,17,8,13,12,14,8,13,10,10,11,10,14,10,7,15,7,8,8,13,7,12,8,7,6,7,7,4,3,6,12,4,2,9,4,3,11,5,8,3,5,2,8,4,7,5,2,4,8,4,7,5,9,5,6,7,4,6,4,12,12,4,5,12,10,4,13,15,11,7,5,16,11,7,14,9,20,20,16,19,11,16,12,9,14,7,14,10,10,10,6,12,3,7,7,9,3,2,2,3,1,1,2,0,0,1,0,2,0,0,0,0,0,0,0,0,0,0,0,0,0,0,0,0,0,0,0,0,0,0,0,0,0,0,0,0,0,0,0,0,0
1.57,0,0,0,0,0,0,0,0,0,0,0,0,0,0,0,0,0,0,0,0,0,0,0,0,0,0,0,0,0,0,0,0,0,1,0,1,0,0,2,1,0,0,0,6,3,4,4,5,10,12,11,8,10,5,15,15,13,14,14,17,8,13,12,16,14,12,19,15,22,10,12,7,6,6,9,4,13,12,6,9,8,4,7,4,8,6,8,10,7,9,7,9,4,5,2,3,7,4,4,4,5,7,5,4,1,3,4,6,4,8,7,11,14,10,6,6,8,7,8,8,13,5,9,8,11,5,10,9,14,11,7,9,10,14,7,11,11,9,13,9,8,19,14,13,11,11,3,9,8,13,6,10,8,8,2,3,2,1,3,4,0,0,0,0,1,0,0,0,0,0,0,0,0,0,0,0,0,0,0,0,0,0,0,0,0,0,0,0,0,0,0,0,0,0,0,0,0,0,0,0
1.58,0,0,0,0,0,0,0,0,0,0,0,0,0,0,0,0,0,0,0,0,0,0,0,0,0,0,0,0,0,0,0,1,0,0,0,0,0,0,1,0,1,6,7,4,7,8,6,7,4,6,6,6,9,8,11,10,18,19,16,9,19,13,15,18,17,7,10,10,22,10,10,7,8,12,10,8,9,8,8,8,5,4,6,9,3,2,3,7,6,5,6,6,5,6,3,5,4,4,4,1,3,10,5,4,4,3,5,7,8,8,7,10,8,8,7,3,5,13,11,6,2,6,11,10,12,11,10,16,8,14,14,12,11,11,10,11,16,15,10,18,20,18,9,7,7,16,5,8,5,12,3,7,1,4,0,4,4,5,3,1,2,2,0,0,0,1,0,0,0,0,0,0,0,0,0,0,0,0,0,0,0,0,0,0,0,0,0,0,0,0,0,0,0,0,0,0,0,0,0,0
1.59,0,0,0,0,0,0,0,0,0,0,0,0,0,0,0,0,0,0,0,0,0,0,0,0,0,0,0,0,0,0,1,0,0,0,2,1,0,1,1,2,2,1,1,3,3,8,11,3,6,7,7,8,15,11,12,6,7,20,13,11,14,16,16,12,12,11,17,19,13,14,12,16,16,10,7,16,17,12,12,8,7,8,6,7,6,5,8,3,5,5,4,1,3,4,4,5,6,7,5,4,8,5,8,6,5,2,4,5,4,10,4,6,5,4,5,5,15,4,3,5,7,13,7,7,9,8,12,9,12,16,13,8,10,18,12,12,13,14,5,9,8,11,10,10,9,8,6,9,7,10,10,6,7,4,3,2,2,5,2,3,2,1,0,1,1,0,0,0,0,0,0,0,0,0,0,0,0,0,0,0,0,0,0,0,0,0,0,0,0,0,0,0,0,0,0,0,0,0,0,0
1.6,0,0,0,0,0,0,0,0,0,0,0,0,0,0,0,0,0,0,0,0,0,0,0,0,0,0,0,0,0,0,0,0,0,0,1,1,2,2,0,1,1,2,2,4,3,0,4,5,8,7,3,11,9,13,12,12,12,17,13,13,14,15,14,13,9,13,13,10,8,7,13,11,15,8,9,17,7,7,5,8,2,7,9,4,7,8,7,8,7,3,2,6,8,5,6,5,5,1,4,2,7,3,2,4,4,5,9,5,3,6,7,3,8,6,11,9,5,8,7,10,10,8,5,9,8,12,9,14,12,14,12,11,17,15,12,15,19,17,11,19,11,15,9,12,12,5,6,12,8,7,7,8,4,6,7,3,4,3,2,1,2,1,3,1,0,0,0,0,0,0,0,0,0,0,0,0,0,0,0,0,0,0,0,0,0,0,0,0,0,0,0,0,0,0,0,0,0,0,0,0
1.61,0,0,0,0,0,0,0,0,0,0,0,0,0,0,0,0,0,0,0,0,0,0,0,0,0,0,0,0,0,0,1,0,0,1,0,0,1,3,2,1,1,0,4,2,5,4,4,8,10,9,14,6,9,10,11,12,13,9,13,7,9,14,7,26,11,11,13,14,11,8,9,13,21,9,10,9,10,7,6,6,5,8,3,5,8,8,7,11,3,4,5,3,4,7,6,6,3,2,6,3,4,5,6,8,6,4,6,5,7,4,7,6,8,8,9,7,9,5,6,10,7,11,7,8,8,11,8,9,7,15,15,17,13,10,12,6,22,14,10,14,17,7,16,9,15,20,14,6,8,8,6,7,3,3,2,0,3,3,3,0,3,1,1,0,0,0,0,0,0,0,0,0,0,0,0,0,0,0,0,0,0,0,0,0,0,0,0,0,0,0,0,0,0,0,0,0,0,0,0,0
1.62,0,0,0,0,0,0,0,0,0,0,0,0,0,0,0,0,0,0,0,0,0,0,0,0,0,0,0,0,0,0,0,0,0,0,0,0,1,2,0,0,3,1,1,1,6,6,2,8,4,8,11,7,11,13,13,8,7,11,23,12,21,10,7,11,17,17,13,11,13,12,14,10,15,8,7,9,10,3,5,8,8,10,13,4,7,5,10,4,3,7,7,7,7,5,5,5,6,2,7,4,4,6,4,2,3,4,6,3,6,1,4,5,7,5,5,6,4,9,5,9,3,6,6,4,7,13,8,17,15,12,11,16,12,10,7,11,16,16,14,12,22,14,13,15,9,11,13,11,11,9,6,6,3,6,10,2,6,3,4,3,1,1,0,0,0,0,0,1,0,0,0,0,0,0,0,0,0,0,0,0,0,0,0,0,0,0,0,0,0,0,0,0,0,0,0,0,0,0,0,0
1.6300000000000001,0,0,0,0,0,0,0,0,0,0,0,0,0,0,0,0,0,0,0,0,0,0,0,0,0,0,0,0,0,0,0,0,0,0,0,0,0,1,1,1,3,0,2,2,1,7,7,4,7,9,9,12,7,6,6,14,19,12,8,14,14,16,13,13,17,3,10,11,14,14,10,11,13,8,6,12,9,8,5,3,8,11,6,7,6,6,5,4,5,4,5,4,7,6,6,3,3,0,7,3,4,12,5,5,1,6,7,5,2,2,12,6,5,7,12,8,7,8,7,6,12,8,9,10,8,13,7,5,6,13,12,22,12,15,9,13,12,18,16,16,17,10,13,9,6,11,7,6,12,14,9,6,11,9,4,5,4,4,2,0,0,5,1,2,1,0,0,1,0,0,0,0,0,0,0,0,0,0,0,0,0,0,0,0,0,0,0,0,0,0,0,0,0,0,0,0,0,0,0,0
1.6400000000000001,0,0,0,0,0,0,0,0,0,0,0,0,0,0,0,0,0,0,0,0,0,0,0,0,0,0,0,0,0,0,0,0,0,0,0,0,1,2,3,1,2,3,2,3,5,4,5,7,9,9,14,12,11,8,12,17,11,11,8,13,18,14,11,19,8,16,14,13,7,12,16,14,9,7,12,10,5,10,3,10,9,2,9,5,7,4,4,7,3,7,11,9,5,4,6,2,1,4,4,6,3,3,4,8,11,5,5,5,8,5,3,4,6,6,8,4,6,7,13,11,2,14,6,14,8,7,9,11,13,5,4,6,7,16,11,8,11,13,11,15,21,12,13,7,10,13,15,11,9,5,7,9,4,6,4,6,5,4,2,0,3,2,0,1,1,3,0,1,0,0,0,0,0,0,0,0,0,0,0,0,0,0,0,0,0,0,0,0,0,0,0,0,0,0,0,0,0,0,0,0
1.6500000000000001,0,0,0,0,0,0,0,0,0,0,0,0,0,0,0,0,0,0,0,0,0,0,0,0,0,0,0,0,0,0,0,0,0,0,1,1,2,3,1,1,3,1,4,6,6,3,6,4,6,8,12,12,5,8,10,7,9,12,11,19,14,12,9,11,17,12,8,8,12,9,13,7,8,9,4,5,6,8,14,7,7,11,4,6,5,9,5,8,2,7,3,6,5,8,7,3,5,4,9,7,2,8,7,7,5,5,4,2,4,4,10,2,2,4,7,8,12,4,10,7,7,8,8,5,9,8,11,16,14,8,9,11,10,13,12,12,11,18,16,16,19,24,9,7,15,11,18,8,9,17,7,5,7,8,5,2,7,3,3,1,1,3,0,0,0,0,0,0,0,0,0,0,0,0,0,0,0,0,0,0,0,0,0,0,0,0,0,0,0,0,0,0,0,0,0,0,0,0,0,0
1.6600000000000001,0,0,0,0,0,0,0,0,0,0,0,0,0,0,0,0,0,0,0,0,0,0,0,0,0,0,0,0,0,0,0,0,1,0,0,0,0,0,1,0,2,3,0,2,8,1,5,6,6,8,14,12,12,8,10,13,14,10,7,16,21,18,15,11,17,11,12,11,15,9,10,9,13,7,12,13,7,8,10,10,9,7,10,4,7,7,5,5,5,6,11,5,4,4,2,5,5,10,6,5,5,8,0,5,4,4,7,5,4,2,7,5,7,6,7,7,13,4,6,8,6,8,9,14,12,10,9,9,11,11,9,12,9,9,14,15,10,14,8,11,12,5,12,20,13,12,7,7,6,12,8,7,7,3,5,7,4,3,2,1,1,0,1,0,0,0,0,1,0,0,0,0,0,0,0,0,0,0,0,0,0,0,0,0,0,0,0,0,0,0,0,0,0,0,0,0,0,0,0,0
1.6700000000000002,0,0,0,0,0,0,0,0,0,0,0,0,0,0,0,0,0,0,0,0,0,0,0,0,0,0,0,0,0,0,0,1,0,0,0,1,2,0,1,1,6,0,4,4,3,5,6,6,6,9,10,12,8,12,12,13,9,15,17,15,13,13,12,20,12,13,10,6,12,13,10,13,11,8,9,9,6,10,6,12,7,11,8,8,9,6,7,3,6,9,4,5,5,1,6,5,4,4,6,4,4,4,5,5,7,7,2,9,7,7,4,5,10,2,8,9,6,5,6,6,10,5,8,17,11,10,7,12,15,15,13,13,8,11,15,7,12,12,12,11,12,12,12,14,10,9,13,7,2,14,6,6,4,4,5,3,3,3,1,0,1,2,0,0,0,0,0,0,0,0,0,1,0,0,0,0,0,0,0,0,0,0,0,0,0,0,0,0,0,0,0,0,0,0,0,0,0,0,0,0
1.68,0,0,0,0,0,0,0,0,0,0,0,0,0,0,0,0,0,0,0,0,0,0,0,0,0,0,0,0,0,0,0,1,0,0,1,0,0,1,0,0,0,1,4,5,4,3,2,5,6,5,6,8,9,7,14,13,10,9,14,14,10,15,15,8,14,11,11,15,12,8,11,12,9,9,7,15,6,6,9,10,11,12,5,5,8,11,7,4,8,4,2,9,9,9,6,11,7,2,1,6,3,0,4,6,4,9,10,3,9,3,2,4,9,4,9,6,11,11,6,4,11,8,13,8,16,15,9,10,6,9,4,13,15,11,12,22,15,13,10,15,16,19,11,7,17,13,7,6,7,9,2,0,4,10,2,4,9,4,3,1,2,1,0,1,1,0,0,0,0,0,0,0,0,0,0,0,0,0,0,0,0,0,0,0,0,0,0,0,0,0,0,0,0,0,0,0,0,0,0,0
1.69,0,0,0,0,0,0,0,0,0,0,0,0,0,0,0,0,0,0,0,0,0,0,0,0,0,0,0,0,0,0,0,0,0,0,0,0,1,0,2,2,0,0,3,2,3,1,1,6,7,4,10,10,4,8,9,13,11,11,11,19,16,8,15,13,14,12,13,18,16,11,14,13,11,6,8,14,8,8,6,9,2,8,13,9,4,7,6,8,4,9,4,4,3,4,3,3,6,5,10,9,3,4,7,2,6,6,3,2,6,7,6,1,5,7,6,8,8,4,9,7,7,9,7,4,12,11,10,10,14,16,13,13,14,16,11,15,10,12,11,14,25,13,9,11,15,15,11,9,9,9,6,7,4,1,7,8,4,1,3,2,2,1,0,0,0,0,0,0,0,0,0,0,0,0,0,0,0,0,0,0,0,0,0,0,0,0,0,0,0,0,0,0,0,0,0,0,0,0,0,0
1.7,0,0,0,0,0,0,0,0,0,0,0,0,0,0,0,0,0,0,0,0,0,0,0,0,0,0,0,0,0,0,0,0,0,1,0,1,1,1,2,4,2,1,2,4,2,7,7,4,5,9,7,10,16,11,8,8,9,13,9,14,9,19,10,14,14,16,8,15,12,7,7,7,8,13,6,9,9,8,9,11,7,12,8,7,8,8,11,5,6,2,5,7,5,4,8,3,3,4,5,5,6,10,7,3,2,7,6,2,3,7,8,5,3,5,6,5,4,7,5,3,9,14,14,9,13,5,11,13,8,14,18,11,13,8,14,10,18,14,12,10,9,11,14,13,15,15,12,13,13,5,3,7,6,5,6,4,2,2,2,1,4,2,1,0,0,0,1,0,0,0,0,0,0,0,0,0,0,0,0,0,0,0,0,0,0,0,0,0,0,0,0,0,0,0,0,0,0,0,0,0
1.71,0,0,0,0,0,0,0,0,0,0,0,0,0,0,0,0,0,0,0,0,0,0,0,0,0,0,0,0,0,0,0,0,1,1,0,0,4,0,1,0,0,2,1,3,4,8,6,5,10,9,9,8,8,10,10,11,9,7,13,17,14,19,14,10,16,14,14,14,12,15,19,11,10,12,8,10,8,12,9,8,6,7,9,4,10,6,12,5,6,7,7,7,9,4,9,4,7,7,1,5,5,5,5,5,7,3,6,8,3,3,8,6,7,5,3,10,11,6,4,9,9,7,4,5,4,14,11,7,11,11,6,8,17,11,7,10,15,13,16,4,12,12,13,14,6,9,11,10,12,7,7,7,7,5,3,1,1,1,8,2,0,3,0,1,0,0,1,0,0,0,0,0,0,0,0,0,0,0,0,0,0,0,0,0,0,0,0,0,0,0,0,0,0,0,0,0,0,0,0,0
1.72,0,0,0,0,0,0,0,0,0,0,0,0,0,0,0,0,0,0,0,0,0,0,0,0,0,0,0,0,0,0,0,0,0,0,0,1,0,1,0,0,1,2,1,5,6,6,4,9,5,3,9,9,8,15,13,11,11,13,16,13,13,15,13,17,9,10,10,15,9,10,9,7,8,12,7,17,11,6,5,6,14,6,6,8,4,8,4,6,7,10,4,8,7,8,7,6,6,7,7,7,9,3,3,5,7,2,5,5,4,9,3,6,13,8,10,4,6,2,10,10,8,11,12,12,6,12,8,11,11,8,7,12,13,10,17,9,14,15,16,16,10,15,8,8,7,7,4,8,7,13,13,4,4,6,5,4,3,2,1,4,1,2,0,1,0,0,0,0,0,0,0,0,0,0,0,0,0,0,0,0,0,0,0,0,0,0,0,0,0,0,0,0,0,0,0,0,0,0,0,0
1.73,0,0,0,0,0,0,0,0,0,0,0,0,0,0,0,0,0,0,0,0,0,0,0,0,0,0,0,0,0,0,0,0,0,0,0,0,0,2,1,3,3,2,3,4,1,8,8,5,5,2,8,13,12,9,12,16,7,11,15,10,10,11,18,10,16,11,12,13,13,8,9,14,7,5,7,13,11,9,8,11,8,9,7,9,6,7,3,6,6,3,3,6,5,9,3,5,2,3,7,7,3,8,1,3,7,3,8,6,3,4,5,8,6,12,8,3,9,7,5,3,10,13,7,10,14,5,3,17,17,6,15,12,11,9,20,9,8,17,9,10,14,9,15,18,10,13,9,9,13,12,6,9,5,8,4,4,5,3,1,1,2,1,0,2,2,0,0,1,0,0,0,0,0,0,0,0,0,0,0,0,0,0,0,0,0,0,0,0,0,0,0,0,0,0,0,0,0,0,0,0
1.74,0,0,0,0,0,0,0,0,0,0,0,0,0,0,0,0,0,0,0,0,0,0,0,0,0,0,0,0,0,0,0,0,0,0,0,0,1,0,1,1,1,2,5,1,5,10,5,5,3,9,7,14,13,6,13,9,18,16,21,14,11,16,13,13,19,9,22,9,13,8,9,12,12,10,19,8,10,3,5,4,7,12,5,6,8,10,5,7,7,4,4,5,8,4,3,10,3,5,3,6,4,3,8,3,8,2,7,5,2,5,7,7,7,5,4,6,7,10,5,12,7,7,11,8,7,10,9,10,8,15,5,11,8,10,11,13,15,16,12,18,16,18,12,9,10,8,12,5,8,7,4,9,3,3,2,2,3,3,2,2,1,0,2,2,1,1,0,0,0,0,0,0,0,0,0,0,0,0,0,0,0,0,0,0,0,0,0,0,0,0,0,0,0,0,0,0,0,0,0,0
1.75,0,0,0,0,0,0,0,0,0,0,0,0,0,0,0,0,0,0,0,0,0,0,0,0,0,0,0,0,0,0,1,0,0,0,0,0,1,2,0,0,2,0,2,6,3,7,1,5,8,8,8,6,10,16,15,16,16,17,16,14,11,12,7,13,8,11,16,13,15,10,16,8,10,11,10,5,16,11,9,10,8,6,5,7,7,10,1,1,3,5,4,3,7,7,11,5,4,4,6,5,5,4,4,2,5,3,5,7,7,6,7,5,10,6,7,3,11,7,5,8,11,5,6,10,8,8,9,14,12,10,15,10,17,17,19,7,14,9,12,9,12,11,11,6,12,11,10,15,10,6,6,6,3,6,4,5,5,2,1,0,4,1,1,0,0,0,0,0,0,1,0,0,0,1,0,0,0,0,0,0,0,0,0,0,0,0,0,0,0,0,0,0,0,0,0,0,0,0,0,0
1.76,0,0,0,0,0,0,0,0,0,0,0,0,0,0,0,0,0,0,0,0,0,0,0,0,0,0,0,0,0,0,0,0,1,1,0,1,1,2,1,1,2,1,1,3,6,11,4,3,5,4,12,6,13,11,13,11,11,13,19,23,13,15,14,8,16,14,14,8,13,13,11,11,10,10,7,6,8,15,12,8,7,2,9,8,8,4,5,7,6,6,9,13,1,2,5,4,5,2,1,3,2,6,5,4,3,8,5,3,6,4,4,9,9,11,7,2,10,7,9,7,12,8,3,8,3,8,11,8,8,15,16,7,5,7,21,14,14,11,19,9,12,8,10,12,11,15,8,13,12,5,13,4,6,4,9,5,2,3,3,1,2,0,0,0,0,0,0,0,0,0,0,0,1,0,0,0,0,0,0,0,0,0,0,0,0,0,0,0,0,0,0,0,0,0,0,0,0,0,0,0
1.77,0,0,0,0,0,0,0,0,0,0,0,0,0,0,0,0,0,0,0,0,0,0,0,0,0,0,0,0,0,0,0,0,1,0,0,0,1,2,2,1,1,1,6,0,6,6,7,4,7,2,9,8,8,7,14,11,12,16,10,14,12,20,15,9,13,10,18,14,15,12,9,9,15,6,7,9,5,6,8,6,10,8,14,6,10,7,7,7,4,7,4,5,4,6,5,5,3,11,6,4,3,4,5,3,4,6,4,7,4,4,7,5,8,4,8,3,8,7,10,3,9,3,11,8,9,8,11,15,6,10,9,17,15,15,5,14,16,20,10,11,14,12,9,10,12,9,11,10,14,11,7,7,2,4,12,3,1,2,1,3,2,1,2,0,1,2,1,0,1,0,0,0,0,0,0,0,0,0,0,0,0,0,0,0,0,0,0,0,0,0,0,0,0,0,0,0,0,0,0,0
1.78,0,0,0,0,0,0,0,0,0,0,0,0,0,0,0,0,0,0,0,0,0,0,0,0,0,0,0,0,0,0,0,0,0,0,0,0,0,0,0,1,1,2,4,4,2,2,2,5,17,9,12,12,12,9,15,5,11,15,17,10,12,12,13,12,13,16,13,13,13,11,13,10,10,14,10,10,9,7,7,11,7,9,6,11,5,7,7,6,2,3,5,5,4,6,1,2,3,1,2,8,11,2,5,6,5,8,4,6,5,5,9,1,5,8,10,8,9,5,8,6,8,13,12,8,11,8,16,11,15,8,9,12,8,12,9,9,10,15,13,12,19,6,8,12,16,13,9,8,6,10,15,7,6,4,4,3,3,2,2,2,0,0,1,1,1,0,0,1,0,0,0,0,0,0,0,0,0,0,0,0,0,0,0,0,0,0,0,0,0,0,0,0,0,0,0,0,0,0,0,0
1.79,0,0,0,0,0,0,0,0,0,0,0,0,0,0,0,0,0,0,0,0,0,0,0,0,0,0,0,0,0,0,0,0,0,0,1,1,0,0,3,1,4,1,0,6,4,7,4,6,10,6,7,9,8,8,11,10,13,16,13,16,10,18,15,12,10,11,11,12,9,14,10,15,17,12,19,10,12,7,8,9,10,1,5,7,6,6,3,5,11,4,4,4,3,6,10,9,3,6,2,3,4,3,5,3,3,2,5,7,6,2,3,10,4,2,7,5,5,8,7,8,5,9,8,6,10,9,12,17,5,10,15,12,19,11,7,8,12,12,13,16,14,10,15,10,11,15,12,9,10,12,3,14,7,6,6,2,4,3,2,0,1,0,1,0,2,1,0,0,0,1,0,0,0,0,0,0,0,0,0,0,0,0,0,0,0,0,0,0,0,0,0,0,0,0,0,0,0,0,0,0
1.8,0,0,0,0,0,0,0,0,0,0,0,0,0,0,0,0,0,0,0,0,0,0,0,0,0,0,0,0,0,0,0,0,0,1,0,1,0,0,2,1,1,3,5,6,3,4,4,4,4,11,12,7,4,5,14,10,15,19,11,11,14,9,11,21,16,12,7,13,16,11,17,15,13,9,11,12,3,7,5,7,9,8,1,5,11,12,9,6,4,8,7,5,12,2,5,8,10,3,8,5,5,11,4,4,3,5,6,1,3,5,3,6,10,7,6,9,9,8,10,3,3,5,11,8,6,7,8,8,12,10,7,15,9,11,20,13,10,17,15,14,10,11,5,8,14,20,16,5,7,7,10,6,4,3,4,3,5,1,1,1,1,3,1,0,0,0,0,0,1,1,0,0,0,0,0,0,0,0,0,0,0,0,0,0,0,0,0,0,0,0,0,0,0,0,0,0,0,0,0,0
1.81,0,0,0,0,0,0,0,0,0,0,0,0,0,0,0,0,0,0,0,0,0,0,0,0,0,0,0,0,0,0,0,0,0,0,0,0,3,1,3,2,0,1,3,2,2,8,7,3,10,5,10,5,8,11,11,7,10,7,12,12,16,9,11,14,13,13,15,10,12,15,9,8,10,13,13,8,10,5,10,9,7,6,10,7,2,9,4,6,6,1,9,2,5,3,6,9,7,6,2,9,4,7,4,3,5,1,2,4,11,5,7,4,7,5,9,10,7,5,11,11,11,12,7,12,8,8,13,10,9,11,15,14,13,13,15,10,13,11,24,11,13,13,17,5,8,9,8,13,11,6,5,3,5,2,7,8,5,6,4,4,1,1,0,0,0,1,0,0,0,0,0,1,0,0,0,0,0,0,0,0,0,0,0,0,0,0,0,0,0,0,0,0,0,0,0,0,0,0,0,0
1.82,0,0,0,0,0,0,0,0,0,0,0,0,0,0,0,0,0,0,0,0,0,0,0,0,0,0,0,0,0,0,0,0,1,0,0,1,0,1,2,3,2,2,2,4,5,9,8,7,11,10,6,11,10,12,10,18,14,16,14,10,11,12,15,9,17,7,10,11,8,7,7,8,18,14,10,12,11,8,10,8,8,12,9,7,8,6,8,5,3,1,5,4,8,3,8,4,5,6,2,8,4,4,6,5,3,7,9,10,6,3,9,9,0,3,7,4,7,6,8,10,12,7,8,4,4,9,12,7,6,10,13,12,18,9,9,12,16,17,14,5,15,6,11,6,4,11,12,9,7,6,11,15,1,8,3,5,5,5,6,1,1,1,2,0,2,0,0,0,1,0,0,0,0,0,0,0,0,0,0,0,0,0,0,0,0,0,0,0,0,0,0,0,0,0,0,0,0,0,0,0
1.83,0,0,0,0,0,0,0,0,0,0,0,0,0,0,0,0,0,0,0,0,0,0,0,0,0,0,0,0,0,0,0,0,0,0,0,0,0,1,1,2,1,1,3,1,3,3,5,11,4,7,11,6,8,6,7,12,10,16,14,13,8,18,13,12,18,10,15,11,7,4,10,7,9,13,7,7,12,15,14,13,8,9,9,12,7,9,9,2,6,2,4,3,9,4,5,4,7,5,5,7,5,4,4,7,1,7,4,8,4,7,4,6,7,6,8,11,11,8,3,6,4,11,10,12,14,8,3,12,11,11,13,14,11,7,9,18,23,17,9,11,16,11,14,11,8,5,15,10,7,7,10,4,7,4,6,3,5,4,2,1,0,1,0,0,1,3,0,1,0,0,0,0,0,0,0,0,0,0,0,0,0,0,0,0,0,0,0,0,0,0,0,0,0,0,0,0,0,0,0,0
1.84,0,0,0,0,0,0,0,0,0,0,0,0,0,0,0,0,0,0,0,0,0,0,0,0,0,0,1,0,0,0,0,1,0,1,0,0,0,1,0,2,3,1,4,0,9,7,4,7,9,5,9,9,8,13,9,10,15,11,19,12,13,6,12,12,9,11,7,12,13,11,15,12,10,11,9,9,10,9,11,11,8,12,4,8,7,11,7,6,6,4,4,6,2,5,7,2,3,7,2,5,12,4,1,4,3,5,3,5,7,7,7,3,10,6,3,9,7,4,4,9,8,5,11,9,11,11,11,11,11,10,8,14,14,12,19,13,17,12,10,14,16,4,10,11,11,14,12,16,9,4,9,3,9,3,4,1,5,3,1,1,3,2,1,2,1,0,1,1,0,0,0,0,0,0,0,0,0,0,0,0,0,0,0,0,0,0,0,0,0,0,0,0,0,0,0,0,0,0,0,0
1.85,0,0,0,0,0,0,0,0,0,0,0,0,0,0,0,0,0,0,0,0,0,0,0,0,0,0,0,0,0,1,0,0,0,1,0,0,2,2,1,4,2,3,3,1,5,4,3,6,12,14,18,2,12,10,11,13,15,4,13,12,6,16,12,10,15,10,4,11,10,11,16,11,9,11,11,5,15,12,10,9,9,10,2,5,6,8,12,4,4,4,5,4,6,8,3,7,2,3,6,6,4,3,6,7,7,6,3,7,9,8,8,6,8,8,7,4,5,8,8,3,7,7,9,10,11,13,7,11,8,11,11,10,13,12,10,15,16,14,14,12,9,10,17,11,11,12,8,8,11,4,8,4,10,4,5,2,5,3,2,1,2,2,0,1,2,0,0,0,0,0,0,0,0,0,0,0,0,0,0,0,0,0,0,0,0,0,0,0,0,0,0,0,0,0,0,0,0,0,0,0
1.86,0,0,0,0,0,0,0,0,0,0,0,0,0,0,0,0,0,0,0,0,0,0,0,0,0,0,0,0,0,0,0,0,1,0,1,1,1,1,1,1,4,1,4,1,6,5,7,7,4,8,8,6,11,9,8,7,15,7,10,14,14,14,10,24,12,7,18,14,16,10,6,9,10,12,7,10,6,10,9,5,11,6,3,8,2,5,10,6,10,5,4,3,7,6,8,4,6,7,7,7,3,10,6,5,4,7,2,6,5,3,6,6,8,12,10,7,8,9,12,5,8,8,9,7,10,5,9,10,12,7,10,9,16,13,12,7,12,10,13,16,11,16,9,10,11,9,11,11,9,10,4,14,4,10,4,7,8,1,2,3,1,0,0,0,0,0,1,0,0,0,0,0,0,0,0,0,0,0,0,0,0,0,0,0,0,0,0,0,0,0,0,0,0,0,0,0,0,0,0,0
1.87,0,0,0,0,0,0,0,0,0,0,0,0,0,0,0,0,0,0,0,0,0,0,0,0,0,0,0,0,1,0,0,0,0,0,3,1,1,0,3,1,4,4,4,4,5,3,8,3,3,6,8,9,11,9,11,14,15,10,23,15,14,14,8,13,12,11,10,12,14,8,6,10,10,10,5,8,8,8,8,10,8,9,8,2,9,4,9,2,10,7,6,4,6,8,9,7,3,2,3,4,6,3,4,2,5,8,7,4,7,8,4,1,9,8,5,5,3,3,4,9,8,11,10,9,9,10,16,6,14,12,17,10,11,13,13,9,8,19,16,12,13,15,9,11,12,6,11,13,9,11,8,6,5,0,5,7,4,1,3,2,2,1,1,3,3,1,1,0,0,1,0,0,0,0,0,0,0,0,0,0,0,0,0,0,0,0,0,0,0,0,0,0,0,0,0,0,0,0,0,0
1.8800000000000001,0,0,0,0,0,0,0,0,0,0,0,0,0,0,0,0,0,0,0,0,0,0,0,0,0,0,0,0,0,0,0,0,1,0,0,0,1,0,0,3,3,3,2,7,1,1,7,5,13,11,7,9,16,13,9,10,7,21,12,11,14,10,15,13,14,8,18,13,10,15,10,16,14,10,8,9,11,11,7,4,7,7,5,11,5,8,6,3,1,5,8,4,6,3,9,8,5,6,3,2,5,2,2,7,6,3,7,4,5,9,4,4,6,5,5,6,8,8,5,7,4,9,7,12,10,6,15,6,8,15,7,21,8,11,19,16,18,14,15,11,17,9,9,13,12,6,8,11,7,13,7,6,3,5,3,2,3,3,1,1,2,0,1,1,1,1,0,0,0,0,0,0,0,0,0,0,0,0,0,0,0,0,0,0,0,0,0,0,0,0,0,0,0,0,0,0,0,0,0,0
1.8900000000000001,0,0,0,0,0,0,0,0,0,0,0,0,0,0,0,0,0,0,0,0,0,0,1,0,0,0,0,0,0,0,0,0,0,0,0,0,1,1,2,1,5,3,4,3,1,3,4,9,6,8,6,16,8,14,10,12,14,15,13,9,15,15,17,7,14,9,13,15,13,10,12,10,7,16,9,7,10,6,6,7,6,7,7,3,5,11,11,8,3,3,7,4,2,4,5,4,5,10,3,4,4,6,2,8,4,8,5,5,4,4,8,4,6,9,4,6,9,9,8,9,6,4,14,7,4,6,10,4,10,9,10,12,10,9,15,14,9,19,9,18,11,10,17,20,14,7,10,11,9,10,13,6,9,5,6,5,3,4,4,2,1,1,0,0,0,1,0,0,0,0,0,0,0,0,0,1,0,0,0,0,0,0,0,0,0,0,0,0,0,0,0,0,0,0,0,0,0,0,0,0
1.9000000000000001,0,0,0,0,0,0,0,0,0,0,0,0,0,0,0,0,0,0,0,0,0,0,0,0,0,0,0,0,0,0,0,0,0,1,1,0,0,0,2,3,1,1,5,5,5,9,4,3,4,3,5,8,11,17,12,13,16,18,12,17,8,10,8,15,13,14,11,13,12,14,14,8,7,14,15,12,14,8,9,11,10,3,5,4,7,7,8,10,6,7,5,1,2,5,8,10,6,3,5,3,7,4,5,7,12,3,3,5,8,3,5,7,12,3,5,5,9,7,7,5,3,8,12,8,8,8,6,9,8,14,12,8,12,10,11,20,15,7,5,5,10,12,11,11,11,8,10,18,7,9,9,8,8,10,4,5,4,6,2,0,2,0,0,0,1,0,0,2,0,0,0,0,0,0,0,0,0,0,0,0,0,0,0,0,0,0,0,0,0,0,0,0,0,0,0,0,0,0,0,0
1.9100000000000001,0,0,0,0,0,0,0,0,0,0,0,0,0,0,0,0,0,0,0,0,0,0,0,0,0,0,0,0,0,2,0,0,0,2,2,0,0,4,3,3,0,2,1,1,4,4,4,4,14,9,5,6,10,10,12,12,11,8,10,9,17,9,17,6,14,18,17,9,10,12,13,8,5,7,10,8,14,13,10,7,7,9,7,8,8,7,7,3,2,4,9,5,2,9,5,5,4,1,4,5,5,2,3,10,8,4,9,3,2,8,12,6,4,6,3,5,6,9,5,15,7,12,7,14,11,5,12,8,10,14,7,15,12,14,10,5,12,6,13,14,11,16,13,4,8,14,14,11,12,12,13,6,8,13,0,3,6,2,1,1,6,4,0,1,1,0,0,0,0,0,0,0,0,0,0,0,0,0,0,0,0,0,0,0,0,0,0,0,0,0,0,0,0,0,0,0,0,0,0,0
1.9200000000000002,0,0,0,0,0,0,0,0,0,0,0,0,0,0,0,0,0,0,0,0,0,0,0,0,0,0,0,0,0,0,0,0,1,1,0,1,2,2,1,4,1,2,4,4,7,7,6,7,6,9,15,14,13,11,9,17,6,12,12,11,20,11,13,17,14,12,13,12,18,9,9,13,8,7,9,16,13,14,13,1,8,12,8,10,7,8,5,0,9,3,10,7,10,7,3,8,7,5,3,2,6,3,5,5,5,5,4,5,5,8,6,5,9,8,4,8,4,8,7,6,4,6,10,12,8,5,8,8,9,12,7,10,12,14,14,5,11,11,11,14,11,7,9,13,6,8,7,5,12,5,10,5,6,2,5,5,5,3,2,2,1,2,1,1,0,0,1,0,0,0,0,0,0,0,0,0,0,0,0,0,0,0,0,0,0,0,0,0,0,0,0,0,0,0,0,0,0,0,0,0
1.93,0,0,0,0,0,0,0,0,0,0,0,0,0,0,0,0,0,0,0,0,0,0,0,0,0,0,0,0,0,0,0,0,0,1,0,0,1,1,0,0,2,1,5,4,3,8,5,11,7,5,8,11,11,8,18,7,7,14,12,10,20,18,20,10,22,8,17,10,9,10,10,14,11,10,7,9,9,12,7,6,7,9,10,3,7,7,8,5,5,3,5,6,8,6,8,7,8,1,4,4,3,3,4,5,8,3,5,9,6,6,7,5,7,5,8,10,5,5,4,2,9,8,7,9,7,10,11,13,10,12,7,9,14,8,10,13,19,17,9,10,18,17,8,10,15,9,11,8,10,11,9,6,4,3,5,5,2,1,2,1,1,1,0,0,1,0,0,0,0,0,0,0,0,0,0,0,0,0,0,0,0,0,0,0,0,0,0,0,0,0,0,0,0,0,0,0,0,0,0,0
1.94,0,0,0,0,0,0,0,0,0,0,0,0,0,0,0,0,0,0,0,0,0,0,0,0,0,0,0,0,0,0,0,0,0,0,2,0,2,1,0,1,1,4,6,5,3,8,2,11,3,5,5,5,3,9,11,12,9,12,10,12,10,15,16,12,15,14,3,18,19,14,16,10,10,8,6,12,5,7,6,5,8,4,3,12,8,10,7,5,7,6,6,5,8,7,6,4,3,3,5,5,9,5,9,9,6,9,3,6,7,2,4,6,5,5,5,7,11,12,7,9,5,6,10,7,15,12,9,12,10,11,10,11,10,14,11,12,18,10,12,14,14,13,10,11,6,11,9,9,8,12,16,3,4,5,6,5,1,6,1,3,3,1,1,0,1,0,0,0,0,1,0,0,0,0,0,0,0,0,0,0,0,0,0,0,0,0,0,0,0,0,0,0,0,0,0,0,0,0,0,0
1.95,0,0,0,0,0,0,0,0,0,0,0,0,0,0,0,0,0,0,0,0,0,0,0,0,0,0,0,0,0,0,0,0,0,1,2,0,1,0,2,2,3,4,4,4,1,7,1,9,7,5,9,6,7,10,10,8,10,14,10,10,14,14,12,14,19,15,15,11,18,7,7,9,12,14,12,11,8,9,8,6,9,9,5,7,5,3,4,5,10,6,7,4,7,1,6,8,7,4,1,2,3,2,6,9,6,2,6,4,4,5,5,6,7,7,12,7,6,9,10,14,5,9,11,12,10,9,4,10,9,8,12,11,14,12,11,18,15,14,15,9,14,14,12,11,10,5,14,10,17,5,3,3,3,7,6,5,5,2,4,2,3,0,2,1,0,0,0,1,0,0,0,1,0,0,0,0,0,0,0,0,0,0,0,0,0,0,0,0,0,0,0,0,0,0,0,0,0,0,0,0
1.96,0,0,0,0,0,0,0,0,0,0,0,0,0,0,0,0,0,0,0,0,0,0,0,0,0,0,0,0,0,0,0,0,0,0,0,2,3,0,1,1,3,5,4,5,3,6,6,7,6,5,13,11,11,7,5,11,12,13,13,11,15,16,8,12,13,13,12,17,10,5,9,7,15,7,7,4,8,15,11,15,3,9,9,4,7,7,11,4,10,2,6,7,4,10,5,7,7,5,9,6,6,11,10,8,10,7,7,8,5,4,6,1,6,6,7,12,8,4,5,4,9,8,10,8,7,8,5,8,9,12,6,11,9,9,8,14,15,16,15,6,13,14,14,13,14,9,9,10,9,10,6,8,4,3,4,3,4,3,2,1,0,0,1,1,0,0,1,0,0,1,0,0,0,0,0,0,0,0,0,0,0,0,0,0,0,0,0,0,0,0,0,0,0,0,0,0,0,0,0,0
1.97,0,0,0,0,0,0,0,0,0,0,0,0,0,0,0,0,0,0,0,0,0,0,0,0,0,0,0,0,0,0,0,0,0,0,2,0,0,0,1,0,1,1,3,6,5,8,11,3,6,10,9,9,9,9,12,16,3,15,8,18,8,10,8,12,14,10,13,8,7,3,7,11,15,10,15,6,7,7,9,7,7,6,11,7,4,6,8,8,2,5,7,6,8,6,3,6,6,7,5,2,6,3,1,11,7,5,6,9,8,4,4,5,6,8,6,10,10,9,7,9,10,4,5,8,11,11,12,15,8,12,12,15,16,11,12,14,17,11,15,17,15,13,7,14,7,9,10,12,12,4,7,10,4,4,9,3,4,4,2,0,3,1,2,0,1,0,1,0,0,0,0,0,0,0,0,0,0,0,0,0,0,0,0,0,0,0,0,0,0,0,0,0,0,0,0,0,0,0,0,0
1.98,0,0,0,0,0,0,0,0,0,0,0,0,0,0,0,0,0,0,0,0,0,0,0,0,0,0,0,0,0,0,0,1,0,0,3,1,2,0,4,3,3,0,3,3,4,6,2,8,11,11,7,6,10,16,6,9,16,11,6,5,9,14,14,6,15,16,13,15,9,10,10,13,8,7,7,12,10,11,6,8,12,8,8,2,6,6,3,4,7,6,5,6,8,5,8,4,7,5,5,6,5,5,6,5,6,5,5,3,7,4,1,2,9,5,7,9,9,9,5,7,7,9,8,3,12,16,10,11,10,16,15,7,8,12,15,21,13,12,14,14,10,12,14,13,7,10,5,8,10,6,10,12,6,8,6,7,3,3,0,3,6,0,1,2,0,0,0,0,0,0,0,0,0,0,0,0,0,0,0,0,0,0,0,0,0,0,0,0,0,0,0,0,0,0,0,0,0,0,0,0
1.99,0,0,0,0,0,0,0,0,0,0,0,0,0,0,0,0,0,0,0,0,0,0,0,0,0,0,0,0,0,0,0,0,1,0,0,0,1,0,2,1,0,1,3,5,7,5,6,1,3,12,7,9,8,10,6,8,14,12,12,21,14,9,12,16,14,11,15,9,19,13,10,6,6,10,8,6,16,13,9,11,1,9,6,6,6,10,10,7,7,5,5,7,7,5,8,3,7,8,0,4,5,2,4,7,3,6,5,7,5,6,4,5,5,6,4,10,6,10,9,6,6,9,6,9,7,7,15,8,10,12,8,11,11,14,15,10,13,14,10,10,14,12,10,15,13,11,10,6,12,10,8,7,7,8,9,4,3,4,3,3,4,1,1,2,0,0,0,0,0,0,0,0,0,0,0,0,0,0,0,0,0,0,0,0,0,0,0,0,0,0,0,0,0,0,0,0,0,0,0,0
2.0,0,0,0,0,0,0,0,0,0,0,0,0,0,0,0,0,0,0,0,0,0,0,0,0,0,0,0,0,0,0,0,0,1,0,2,0,0,0,0,4,3,3,2,4,7,6,9,0,9,6,3,14,7,9,10,6,9,12,9,13,9,8,17,7,21,9,10,14,10,7,13,12,9,5,10,9,11,6,5,7,12,6,8,10,9,10,8,3,5,5,7,7,4,5,6,8,8,3,3,6,4,2,4,7,5,6,10,10,7,4,10,7,6,10,12,5,10,10,14,5,7,4,12,8,9,7,13,8,11,10,14,13,16,13,14,7,18,7,15,10,8,13,10,14,17,5,7,7,8,8,9,9,2,6,6,5,5,6,0,1,1,5,2,1,0,0,0,0,0,1,0,0,0,0,0,0,0,0,0,0,0,0,0,0,0,0,0,0,0,0,0,0,0,0,0,0,0,0,0,0
